job_id,company_name,title,location,experience,education,work_type,total_skills,programming_languages,databases,bi_tools,cloud_tools,ml_skills,ai_skills,big_data,data_engineering,devops,version_control,etl_tools,spreadsheet,analytics,business_analysis,skill_diversity,analytics_score,data_engineering_score,ai_readiness_score,cloud_score,visualization_score,has_sql,has_python,has_microsoft_excel,has_r,has_power_bi,has_tableau,has_apache_spark,has_amazon_web_services,has_data_governance,has_ci/cd,has_pytorch,has_tensorflow,has_snowflake,has_databricks,has_scikit-learn,has_apache_hadoop,has_git,has_sql_server,has_data_manipulation,has_kubernetes,has_microsoft_azure,has_docker,has_generative_ai,has_azure_devops,has_amazon_s3,has_google_cloud_platform,has_large_language_models,has_dbt,has_mysql,has_azure_data_factory,has_pandas,has_data_lineage,has_amazon_dynamodb,has_amazon_ec2,has_dask,has_sql_server_integration_services,has_infrastructure_as_a_service,has_microsoft_copilot,has_nosql,has_azure_synapse,has_github,has_h2o.ai,has_numpy,has_model_deployment,has_aws_lambda,has_cloud_platform,has_cloud_native,has_amazon_sagemaker,has_data_warehouse,has_bash,has_oracle_sql,has_jsonb,has_recommendation_systems,has_hdfs,has_apache_druid,has_oracle_bi_publisher,has_lakehouse,has_amazon_ecs,has_elastic_load_balancer,has_scipy,has_matplotlib,has_mxnet,has_model_management,has_workflow_orchestration,has_mlops,has_real-time_data_processing,has_explainable_ai,has_bias-variance_tradeoff,has_data_pipeline_optimization,has_modern_data_stack,has_dataset_manipulation,has_unsupervised_learning,has_data_standardization,has_ai_model_development,has_ai_model_deployment,standard_title
3891074946,SullivanCotter,Business Systems Analyst,United States,2+ years,"Bachelor’s degree in data analytics, mathematics, statistics, management information systems or a related field",FULL_TIME,10,2,1,2,0,0,0,0,0,1,0,0,3,0,0,5,2,1,2,1,5,1,1,1,1,1,1,1,1,1,0,1,1,0,1,1,0,0,1,0,1,1,1,1,1,0,1,1,0,1,1,0,0,0,0,0,1,1,1,1,1,0,0,0,0,0,1,0,1,1,0,1,0,1,0,1,1,0,0,1,0,0,0,0,1,0,1,0,1,0,1,0,1,1,0,0,Business Analyst
3887101270,Aequor,Business Analyst,United States,Minimum of 5 years experience in Product Management,"Academic background (bachelor's degree) or equivalent work experience in computer science, data science, statistics, economics, or engineering",CONTRACT,8,0,0,0,0,0,0,0,0,0,0,0,0,0,0,0,0,0,0,0,0,0,0,0,1,0,0,0,0,0,0,0,0,0,0,0,0,0,0,0,0,0,0,0,0,0,0,0,0,0,0,0,0,0,0,0,0,0,0,0,0,0,0,0,0,0,0,0,0,0,0,0,0,0,0,0,0,0,0,0,0,0,0,0,0,0,0,0,0,0,0,0,0,0,0,0,Business Analyst
3903434413,ApTask,Data Engineer,"Wilmington, DE",8 to 10 Years,,CONTRACT,2,1,0,0,1,0,0,0,0,0,0,0,0,0,0,2,0,0,1,1,0,0,1,0,1,0,0,0,1,0,0,0,0,0,0,0,0,0,0,0,0,0,0,0,0,0,0,0,0,0,0,0,0,0,0,0,0,0,0,0,0,0,0,0,0,0,0,0,0,0,0,0,0,0,0,0,0,0,0,0,0,0,0,0,0,0,0,0,0,0,0,0,0,0,0,0,Data Engineer
3902357366,Soni,Technical Product Analyst,New York City Metropolitan Area,4+ years of product management,,FULL_TIME,3,0,0,0,0,0,0,0,0,0,0,0,0,0,0,0,0,0,0,0,0,0,0,0,1,0,0,0,0,0,0,0,0,0,0,0,0,0,0,0,0,0,0,0,0,0,0,0,0,0,0,0,0,0,0,0,0,0,0,0,0,0,0,0,0,0,0,0,0,0,0,0,0,0,0,0,0,0,0,0,0,0,0,0,0,0,0,0,0,0,0,0,0,0,0,0,Business Analyst
3902348430,CBTS,Sr. Business Analyst - SAP,"Cincinnati, OH",3+ years of relevant business analysis experience,"Bachelor’s degree preferred – Computer Science, Information Systems, Information Technology, or other technology related discipline",FULL_TIME,8,0,1,0,0,0,0,0,0,0,0,0,0,0,0,1,0,1,0,0,0,1,0,0,1,0,0,0,0,0,0,0,0,0,0,0,0,0,1,0,0,0,0,0,0,0,0,0,0,1,0,0,0,0,0,0,1,0,0,1,0,0,0,0,0,0,0,0,0,0,0,1,0,0,0,0,0,0,0,0,0,0,0,0,0,0,0,0,0,0,0,0,0,0,0,0,Business Analyst
3888994430,TikTok,Data Engineer - USDS,"Los Angeles, CA",3 years of experience operating within a data engineer facet or a related field,"Bachelor’s degree in computer science, Engineering, or a related field",FULL_TIME,6,1,1,0,0,0,0,0,0,0,0,0,0,0,0,2,0,1,1,0,0,1,1,0,1,0,0,0,0,0,0,0,0,0,0,0,0,0,1,0,0,0,0,0,0,0,0,0,0,1,0,0,0,0,0,0,1,0,0,1,0,0,0,0,0,0,0,0,0,0,0,1,0,0,0,0,0,0,0,0,0,0,0,0,0,0,0,0,0,0,0,0,0,0,0,0,Data Engineer
3906253680,"Securitas Security Services USA, Inc.",Business Analyst,"Charlotte, NC",3-5 years,Bachelor's degree,FULL_TIME,4,0,0,0,0,0,0,0,0,0,0,0,0,0,0,0,0,0,0,0,0,0,0,1,1,1,0,1,1,1,0,1,1,0,1,1,0,0,1,0,1,1,1,1,1,0,1,1,0,0,1,0,0,0,0,0,1,1,1,0,1,0,0,0,0,0,1,0,1,1,0,1,0,1,0,1,1,0,0,1,0,0,0,0,1,0,1,0,1,0,1,0,1,1,0,0,Business Analyst
3903875936,Fidelity Investments,Data Engineer- AWS (Python/ Airflow/ RDS),"Durham, NC",,Bachelor’s degree or higher in a technology related field,FULL_TIME,18,1,1,0,2,0,0,0,0,1,0,0,0,0,0,4,0,1,1,3,0,1,1,1,1,1,0,1,1,1,1,1,1,0,1,1,0,1,1,0,1,1,1,1,1,1,1,1,0,1,1,0,0,1,1,0,1,1,1,1,1,0,0,0,0,0,1,0,1,1,0,1,0,1,0,1,1,0,0,1,0,0,0,0,1,0,1,0,1,0,1,0,1,1,0,0,Data Engineer
3902780924,Capital One,"Senior Machine Learning Engineer (Python, PySpark, SQL)","McLean, VA","At least 4 years of experience programming with Python, Scala, or Java",Bachelor’s degree,FULL_TIME,10,1,1,0,0,4,0,1,0,0,0,0,0,0,0,4,0,2,5,0,0,1,1,1,1,1,0,1,1,1,0,1,1,0,1,1,0,0,1,0,1,1,1,1,1,0,1,1,0,1,1,0,0,0,0,1,1,1,1,1,1,0,0,0,0,0,1,0,1,1,0,1,0,1,0,1,1,0,0,1,0,0,0,0,1,0,1,0,1,0,1,0,1,1,0,0,AI / ML Engineer
3902829691,Aquent,Jr. Technical Business Analyst,Atlanta Metropolitan Area,2+ years,Bachelor’s Degree,FULL_TIME,7,0,0,0,0,0,0,0,0,0,0,0,0,0,0,0,0,0,0,0,0,0,0,0,1,0,0,0,0,0,0,0,0,0,0,0,0,0,0,0,0,0,0,0,0,0,0,0,0,0,0,0,0,0,0,0,0,0,0,0,0,0,0,0,0,0,0,0,0,0,0,0,0,0,0,0,0,0,0,0,0,0,0,0,0,0,0,0,0,0,0,0,0,0,0,0,Business Analyst
3895272957,GE Vernova,Global Quality Process Development & Data Analytics Leader,"Clearwater, FL",Minimum of 7 years of quality leadership experience,Master's Degree from an accredited university or college in Engineering,FULL_TIME,4,0,0,0,0,0,0,0,0,0,0,0,0,0,0,0,0,0,0,0,0,0,0,0,1,0,0,0,0,0,0,0,0,0,0,0,0,0,0,0,0,0,0,0,0,0,0,0,0,0,0,0,0,0,0,0,0,0,0,0,0,0,0,0,0,0,0,0,0,0,0,0,0,0,0,0,0,0,0,0,0,0,0,0,0,0,0,0,0,0,0,0,0,0,0,0,Other
3903824576,National Indemnity Company,Business Analyst - Azure Cloud,"Omaha, NE",Minimum 2 years related work experience (Minimum 3+ Years for Senior Level),Bachelor’s degree in business or related field or equivalent,FULL_TIME,10,0,0,0,3,0,0,0,0,1,0,0,0,0,0,2,0,0,0,4,0,0,0,1,1,1,0,1,1,1,0,1,1,0,1,1,0,0,1,0,1,1,1,1,1,0,1,1,0,0,1,0,0,0,0,0,1,1,1,0,1,0,0,0,0,0,1,1,1,1,0,1,0,1,0,1,1,0,0,1,0,0,0,0,1,0,1,0,1,0,1,0,1,1,0,0,Business Analyst
3901950783,Qualibar,Business Intelligence Developer,"Atlanta, GA",10+ years,,FULL_TIME,6,0,0,1,0,0,0,0,0,0,0,0,0,0,0,1,1,0,0,0,1,1,0,0,1,1,0,0,0,0,0,0,0,0,0,0,0,0,1,0,0,0,0,0,0,0,0,0,0,1,0,0,0,0,0,0,1,0,0,1,0,0,0,0,0,0,0,0,0,0,0,1,0,0,0,0,0,0,0,0,0,0,0,0,0,0,0,0,0,0,0,0,0,0,0,0,Business Analyst
3898174637,Experis,Talent Management Consultant / Data Analyst,"Princeton, NJ",Minimum of 3 years,Four-year Degree in Social Science,CONTRACT,9,0,0,0,0,0,0,0,0,0,0,0,1,0,0,1,0,0,0,0,1,0,0,1,1,0,0,0,0,0,0,0,0,0,0,0,0,1,0,0,0,0,0,0,0,0,0,0,0,0,0,0,0,0,0,0,0,0,0,0,0,0,0,0,0,0,0,0,0,0,0,0,0,0,0,0,0,0,0,0,0,0,0,0,0,0,0,0,0,0,0,0,0,0,0,0,Data Analyst
3895200298,Kavaliro,Information Technology Business Analyst,Charlotte Metro,5 years,"Finance, Accounting, or related degree",CONTRACT,8,0,0,0,0,0,0,0,0,0,0,0,1,0,0,1,0,0,0,0,1,0,0,1,1,0,0,0,0,0,0,0,0,0,0,0,0,0,0,0,0,0,0,0,0,0,0,0,0,0,0,0,0,0,0,0,0,0,0,0,0,0,0,0,0,0,0,0,0,0,0,0,0,0,0,0,0,0,0,0,0,0,0,0,0,0,0,0,0,0,0,0,0,0,0,0,Business Analyst
3891072418,Eliassen Group,Systems/Data Analyst - SQL/ETL,"Durham, NC",7-8 years of systems analysis experience,,CONTRACT,4,0,1,0,0,0,0,0,0,0,0,0,0,0,0,1,0,1,0,0,0,1,0,0,1,0,0,0,0,0,0,0,0,0,0,0,0,0,1,0,0,0,0,0,0,0,0,0,0,1,0,0,0,0,0,0,1,0,0,1,0,0,0,0,0,0,0,0,0,0,0,1,0,0,0,0,0,0,0,0,0,0,0,0,0,0,0,0,0,0,0,0,0,0,0,0,Data Analyst
3905218828,Prodware Solutions,Data Scientist - Transformers - 100% Remote,United States,Long Term Contract,,CONTRACT,4,0,0,0,0,0,1,0,0,0,0,0,0,0,0,1,0,0,1,0,0,0,0,0,1,0,0,0,0,0,0,0,0,0,0,0,0,0,0,0,0,0,0,0,0,0,0,1,0,0,0,0,0,0,0,0,0,0,0,0,0,0,0,0,0,0,0,0,0,0,0,0,0,0,0,0,0,0,0,0,0,0,0,0,0,0,0,0,0,0,0,0,0,0,0,0,Data Scientist
3891088945,"Teaching Strategies, LLC",Principal Machine Learning Engineer (Remote),"Bethesda, MD",Background as a software engineer and experience as a data scientist,,FULL_TIME,14,1,0,0,1,2,0,1,0,2,0,0,0,0,0,5,0,1,3,3,0,0,1,1,1,1,0,1,1,1,1,1,1,0,1,1,0,0,1,0,1,1,1,1,1,0,1,1,0,0,1,0,0,0,0,0,1,1,1,0,1,0,0,0,0,0,1,0,1,1,0,1,0,1,0,1,1,0,0,1,0,0,0,0,1,0,1,0,1,0,1,0,1,1,0,0,AI / ML Engineer
3902340711,Randstad Digital,Data Analyst,"Atlanta, GA",2-4 years,High school diploma,CONTRACT,6,0,0,0,0,0,0,0,0,0,0,0,1,0,0,1,0,0,0,0,1,0,0,1,1,1,0,1,1,1,0,1,1,0,1,1,0,0,1,0,1,1,1,1,1,0,1,1,0,0,1,0,0,0,0,0,1,1,1,0,1,0,0,0,0,0,1,0,1,1,0,1,0,1,0,1,1,0,0,1,0,0,0,0,1,0,1,0,1,0,1,0,1,1,0,0,Data Analyst
3904406917,Netradyne,AI Engineer - Deep Learning,"San Diego, CA","Ph.D. in Computer Science, Electrical Engineering, or a related field with publications in top conferences (CVPR/NeurIPs/ICML/ICLR)","Ph.D. in Computer Science, Electrical Engineering, or a related field",FULL_TIME,6,1,0,0,0,2,0,0,0,0,0,0,0,0,0,2,0,0,3,0,0,0,1,0,1,0,0,0,0,0,0,1,1,0,0,0,0,0,0,0,0,0,0,0,0,0,0,0,0,0,0,0,0,0,0,0,0,0,0,0,0,0,0,0,0,0,0,0,0,0,0,0,0,0,0,0,0,0,0,0,0,0,0,0,0,0,0,0,0,0,0,0,0,0,0,0,AI / ML Engineer
3902343179,ATC,Data Analyst-IL,"Illinois, United States",Entry Level,Master’s Degree,FULL_TIME,3,0,0,0,0,0,0,0,0,0,0,0,0,0,1,1,1,0,0,0,0,0,0,0,1,0,0,0,0,0,0,0,0,0,0,0,0,0,0,0,0,0,0,0,0,0,0,0,0,0,0,0,0,0,0,0,0,0,0,0,0,0,0,0,0,0,0,0,0,0,0,0,0,0,0,0,0,0,0,0,0,0,0,0,0,0,0,0,0,0,0,0,0,0,0,0,Data Analyst
3904957834,Coders Data,Data Analyst,New York City Metropolitan Area,,,FULL_TIME,0,0,0,0,0,0,0,0,0,0,0,0,0,0,0,0,0,0,0,0,0,0,0,0,0,0,0,0,0,0,0,0,0,0,0,0,0,0,0,0,0,0,0,0,0,0,0,0,0,0,0,0,0,0,0,0,0,0,0,0,0,0,0,0,0,0,0,0,0,0,0,0,0,0,0,0,0,0,0,0,0,0,0,0,0,0,0,0,0,0,0,0,0,0,0,0,Data Analyst
3905213935,Prodware Solutions,100% Remote - Data Scientist - Transformers,"Johnston, IA",8+ years,,CONTRACT,4,0,0,0,0,0,1,0,0,0,0,0,0,0,0,1,0,0,1,0,0,0,0,0,1,0,0,0,0,0,0,0,0,0,0,0,0,0,0,0,0,0,0,0,0,0,0,1,0,0,0,0,0,0,0,0,0,0,0,0,0,0,0,0,0,0,0,0,0,0,0,0,0,0,0,0,0,0,0,0,0,0,0,0,0,0,0,0,0,0,0,0,0,0,0,0,Data Scientist
3885822305,Oshkosh Corporation,"Director, Data Engineering","Oshkosh, WI","Demonstrated experience in Data Management/Reporting/ETL Development tool sets, experience building and leading a large team, experience with various project management methodologies, including Agile methodologies","Bachelor’s degree in data science, mathematics, economics, statistics, engineering or information management",FULL_TIME,11,1,1,0,0,0,0,2,0,0,0,0,0,0,0,3,0,3,1,0,0,1,1,0,1,0,0,1,0,0,0,0,0,0,0,0,1,0,1,0,0,0,0,0,0,0,0,0,0,1,0,0,0,0,0,0,1,0,0,1,0,0,0,0,0,0,0,0,0,1,0,1,0,0,0,0,0,0,0,0,0,0,0,0,0,0,0,0,0,0,0,0,0,0,0,0,Data Engineer
3903846556,C2FO,Engineering Manager - Data Engineering,Kansas City Metropolitan Area,Five years,Bachelor's degree in Computer Science or a closely related field,FULL_TIME,6,0,0,0,0,0,0,0,0,0,0,0,0,0,0,0,0,0,0,0,0,0,0,0,1,0,0,0,0,0,0,0,0,0,0,0,0,0,0,0,0,0,0,0,0,0,0,0,0,0,0,0,0,0,0,0,0,0,0,0,0,0,0,0,0,0,0,0,0,1,0,0,0,0,0,0,0,0,0,0,0,0,0,0,0,0,1,0,0,0,0,0,0,0,0,0,Data Engineer
3899522047,Synechron,Sr. Data Engineer _ NYC,New York City Metropolitan Area,10+ years of experience in IT with more than 5 years in financial projects,,FULL_TIME,16,1,1,0,1,0,0,2,1,0,1,1,0,0,0,7,0,4,1,1,0,1,1,1,1,1,0,1,1,1,0,1,1,1,1,1,0,1,1,0,1,1,1,1,1,0,1,1,0,1,1,0,0,0,0,0,1,1,1,1,1,1,0,0,0,0,1,0,1,1,0,1,0,1,0,1,1,0,0,1,0,0,0,0,1,0,1,0,1,0,1,0,1,1,0,0,Data Engineer
3904978968,Cornerstone Building Brands,Data Analyst,"Kearney, MO",2 years,"Bachelor’s degree in computer science, Statistics, Mathematics, or related field",FULL_TIME,11,2,1,0,0,0,0,0,1,0,0,0,0,0,0,3,0,2,2,0,0,1,1,1,1,1,0,1,1,1,0,1,1,0,1,1,0,0,1,1,1,1,1,1,1,0,1,1,0,1,1,0,0,0,0,0,1,1,1,1,1,0,0,0,0,0,1,0,1,1,0,1,0,1,0,1,1,0,0,1,0,0,0,0,1,0,1,0,1,0,1,0,1,1,0,0,Data Analyst
3902840602,Brighton Jones,Data Engineer,"Seattle, WA",2-5 years,"Bachelor's degree in Computer Science, Information Technology, or a related field",FULL_TIME,12,0,0,0,2,0,0,0,0,0,0,0,0,0,0,2,0,0,0,2,0,0,0,1,1,1,0,1,1,1,0,1,1,1,1,1,0,0,1,0,1,1,1,1,1,1,1,1,0,0,1,0,0,0,0,0,1,1,1,0,1,0,0,0,0,0,1,0,1,1,0,1,0,1,0,1,1,0,0,1,0,0,0,0,1,0,1,0,1,0,1,0,1,1,0,0,Data Engineer
3903801406,PDSSOFT INC.,Business Analyst,"Denver, CO",,,CONTRACT,4,0,0,0,0,0,0,0,0,0,0,0,0,0,0,0,0,0,0,0,0,0,0,0,1,0,0,0,0,0,0,0,0,0,0,0,0,0,0,0,0,0,0,0,0,0,0,0,0,0,0,0,0,0,0,0,0,0,0,0,0,0,0,0,0,0,0,0,0,0,0,0,0,0,0,0,0,0,0,0,0,0,0,0,0,0,0,0,0,0,0,0,0,0,0,0,Business Analyst
3901962508,Vertiv,Business Analyst,"Anderson, SC",5+ Years of experience maintaining ERP Systems,Bachelor’s Degree Preferred,FULL_TIME,9,0,0,0,0,0,0,0,0,0,0,0,1,0,0,1,0,0,0,0,1,0,0,1,1,0,0,0,0,0,0,0,0,0,0,0,0,1,0,0,0,0,0,0,0,0,0,0,0,0,0,0,0,0,0,0,0,0,0,0,0,0,0,0,0,0,0,0,0,0,0,0,0,0,0,0,0,0,0,0,0,0,0,0,0,0,0,0,0,0,0,0,0,0,0,0,Business Analyst
3902754992,Michael Page,IT Business Analyst,"New York, NY",at least 5 years of experience in a similar business analyst or market operations role,,FULL_TIME,5,0,1,0,0,0,0,0,0,0,0,0,1,0,0,2,0,1,0,0,1,1,0,1,1,0,0,0,0,0,0,0,0,0,0,0,0,0,1,0,0,0,0,0,0,0,0,0,0,1,0,0,0,0,0,0,1,0,0,1,0,0,0,0,0,0,0,0,0,0,0,1,0,0,0,0,0,0,0,0,0,0,0,0,0,0,0,0,0,0,0,0,0,0,0,0,Business Analyst
3903813458,AspiringIT,PeopleSoft FSCM - Business Analyst,"Austin, TX","4 years as a Business Analyst on PeopleSoft Financials and Supply Chain Management (FSCM) on implementation or upgrade projects, 2 years Experience with MS Team and Channel communication with a large team",,CONTRACT,17,0,0,0,0,0,0,0,0,0,0,0,1,0,0,1,0,0,0,0,1,0,0,1,1,0,0,0,0,0,0,0,0,0,0,0,0,1,0,0,0,0,0,0,0,0,0,0,0,0,0,0,0,0,0,0,0,0,0,0,0,0,0,0,0,0,0,0,0,0,0,0,0,0,0,0,0,0,0,0,0,0,0,0,0,0,0,0,0,0,0,0,0,0,0,0,Business Analyst
3889417419,Talentify.io,Data Analyst - Remote,United States,"3+ years of analytical experience, 3+ years of statistical software experience, 1+ years of pharmacy claims & enrollment data experience",,FULL_TIME,6,1,1,2,0,0,0,0,0,0,0,0,0,1,0,4,3,1,1,0,2,1,0,1,1,1,1,1,1,1,0,1,1,0,1,1,0,0,1,0,1,1,1,1,1,0,1,1,0,1,1,0,0,0,0,0,1,1,1,1,1,0,0,0,0,0,1,0,1,1,0,1,0,1,0,1,1,0,0,1,0,0,0,0,1,0,1,0,1,0,1,0,1,1,0,0,Data Analyst
3887885935,NetApp,ServiceNow Technical Business Systems Analyst,"Triangle, NC",5-8 years,Bachelor of Arts or Science Degree,FULL_TIME,12,0,0,0,1,0,0,0,0,0,0,0,0,0,0,1,0,0,0,1,0,0,0,0,1,0,0,0,0,0,0,0,0,0,0,0,0,1,0,0,0,0,0,0,1,0,0,0,0,0,0,0,0,0,0,0,0,1,0,0,0,0,0,0,0,0,0,0,0,0,0,0,0,0,0,0,0,0,0,0,0,0,0,0,0,0,0,0,0,0,0,0,0,0,0,0,Business Analyst
3894946919,McKesson,Senior Director – Enterprise Data Engineering,"Illinois, United States",13+ years of professional experience and 6+ years of diversified leadership,"Bachelor’s or master’s degree in computer science, Data Science, Information Technology, or a related field",FULL_TIME,26,2,1,2,3,0,0,2,0,0,0,0,0,0,0,6,2,3,2,3,2,1,1,1,1,1,1,1,1,1,0,1,1,1,1,1,1,0,1,0,1,1,1,1,1,0,1,1,0,1,1,0,0,0,0,0,1,1,1,1,1,0,0,0,0,0,1,0,1,1,1,1,0,1,0,1,1,0,0,1,0,0,0,0,1,0,1,0,1,0,1,0,1,1,0,0,Data Engineer
3903462753,ITW,Business Analyst - Finance & Purchasing,"Glenview, IL","3+ years relevant Finance and Purchasing experience, 10+ years of experience working in a large, multi-regional, corporate environment","Bachelor’s degree in Business, IT Technical, or a related field",FULL_TIME,3,0,0,0,0,0,0,0,0,0,0,0,0,0,0,0,0,0,0,0,0,0,0,0,1,0,0,0,0,0,0,0,0,0,0,0,0,0,0,0,0,0,0,0,0,0,0,0,0,0,0,0,0,0,0,0,0,0,0,0,0,0,0,0,0,0,0,0,0,0,0,0,0,0,0,0,0,0,0,0,0,0,0,0,0,0,0,0,0,0,0,0,0,0,0,0,Business Analyst
3889732556,TELUS International AI Data Solutions,Online Data Analyst,"Corpus Christi, TX",,,CONTRACT,4,0,0,0,0,0,0,0,0,0,0,0,0,0,0,0,0,0,0,0,0,0,0,0,1,0,0,0,0,0,0,0,0,0,0,0,0,0,0,0,0,0,0,0,0,0,0,0,0,0,0,0,0,0,0,0,0,0,0,0,0,0,0,0,0,0,0,0,0,0,0,0,0,0,0,0,0,0,0,0,0,0,0,0,0,0,0,0,0,0,0,0,0,0,0,0,Data Analyst
3906249532,orangepeople,Data Analyst,"Orlando, FL",5-8 years,BA or equivalent,CONTRACT,7,0,1,0,0,0,0,0,0,0,0,0,1,1,0,3,1,1,0,0,1,1,0,1,1,0,0,0,0,0,0,0,0,0,0,0,0,0,1,0,0,0,0,0,0,0,0,0,0,1,0,0,0,0,0,0,1,0,0,1,0,0,0,0,0,0,0,0,0,0,0,1,0,0,0,0,0,0,0,0,0,0,0,0,0,0,0,0,0,0,0,0,0,0,0,0,Data Analyst
3905333957,Staffmark Group,Business Analyst,"Plano, TX",4+ years of work experience in Retail Performance analytics and Data Analytics,"Bachelor’s degree in Business, Analytics, Data Science, Statistics, Mathematics, or a similar field of study (Master’s Degree preferred)",FULL_TIME,14,2,1,1,0,0,0,0,0,0,0,0,1,0,0,4,1,1,2,0,2,1,1,1,1,1,1,1,1,1,0,1,1,0,1,1,0,0,1,0,1,1,1,1,1,0,1,1,0,1,1,0,0,0,0,0,1,1,1,1,1,0,0,0,0,0,1,0,1,1,0,1,0,1,0,1,1,0,0,1,0,0,0,0,1,0,1,0,1,0,1,0,1,1,0,0,Business Analyst
3904388641,Unified Women's Healthcare,Data Analyst- Business Intelligence,"Florida, United States",analyzing and working with healthcare data,,FULL_TIME,7,1,0,1,0,0,0,0,0,0,0,0,1,0,0,3,1,0,1,0,2,1,1,1,1,1,0,0,0,0,0,0,0,0,0,0,0,0,1,0,0,0,0,0,0,0,0,0,0,1,0,0,0,0,0,0,1,0,0,1,0,0,0,0,0,0,0,0,0,1,0,1,0,0,0,0,0,0,0,0,0,0,0,0,0,0,0,0,0,0,0,0,0,0,0,0,Business Analyst
3904500501,DP Professionals (DPP),Business Analyst (Hybrid),"Columbia, SC",5+ years,BS Degree,CONTRACT,8,0,1,0,0,0,0,0,0,0,0,0,0,0,0,1,0,1,0,0,0,1,0,0,1,0,0,0,0,0,0,0,0,0,0,0,0,0,1,0,0,0,0,0,0,0,0,0,0,1,0,0,0,0,0,0,1,0,0,1,0,0,0,0,0,0,0,0,0,0,0,1,0,0,0,0,0,0,0,0,0,0,0,0,0,0,0,0,0,0,0,0,0,0,0,0,Business Analyst
3905295211,Capital Group,Senior Generative AI Engineer,"Irvine, CA",at least 10 years,,TEMPORARY,9,0,0,0,0,0,2,0,0,0,0,0,0,0,0,1,0,0,2,0,0,0,0,0,1,0,0,0,0,0,0,0,0,0,0,0,0,0,0,0,0,0,0,0,0,0,0,0,0,0,0,0,0,0,0,0,0,0,1,0,0,0,0,0,0,0,0,0,0,0,0,0,0,0,0,0,0,0,0,0,0,0,0,0,0,0,0,0,0,0,0,0,0,0,0,0,AI / ML Engineer
3887876187,VolunteerMatch,Volunteer: Data Scientist,"Spokane, WA","Proven experience in data science, statistics, computer science, or a related field",Formal education in a relevant discipline,VOLUNTEER,6,2,1,0,0,0,0,0,0,0,0,0,0,0,0,2,0,1,2,0,0,1,1,1,1,1,0,1,1,1,0,1,1,0,1,1,0,0,1,0,1,1,1,1,1,0,1,1,0,1,1,0,0,0,0,0,1,1,1,1,1,0,0,0,0,0,1,0,1,1,0,1,0,1,0,1,1,0,0,1,0,0,0,0,1,0,1,0,1,0,1,0,1,1,0,0,Data Scientist
3901353972,Deloitte,NLP Data Scientist - Python | Machine Learning | AI - Hybrid - TS/SCI - Tampa or DC,"Arlington, Virginia, United States",2+ years,Bachelor's degree,FULL_TIME,19,2,3,2,0,0,0,0,0,0,0,0,0,0,0,4,2,3,2,0,2,1,1,1,1,1,1,1,1,1,0,1,1,0,1,1,0,0,1,0,1,1,1,1,1,0,1,1,0,1,1,0,0,0,0,0,1,1,1,1,1,0,0,0,0,0,1,0,1,1,0,1,0,1,0,1,1,0,0,1,0,0,0,0,1,0,1,0,1,0,1,0,1,1,0,0,Data Scientist
3899530442,EAB,"Senior Programmer Analyst, Insight Analytics","Washington, DC",3+ years,Bachelor's degree,FULL_TIME,10,2,1,1,0,0,0,0,0,0,0,0,1,0,0,4,1,1,2,0,2,1,1,1,1,1,1,1,1,1,0,1,1,0,1,1,0,0,1,0,1,1,1,1,1,0,1,1,0,1,1,0,0,0,0,0,1,1,1,1,1,0,0,0,0,0,1,0,1,1,0,1,0,1,0,1,1,0,0,1,0,0,0,0,1,0,1,0,1,0,1,0,1,1,0,0,Other
3901938817,Gainwell Technologies,Senior Business Analyst,"Texas, United States",6 years,,FULL_TIME,6,0,2,0,0,0,0,0,0,0,0,0,0,0,0,2,0,2,0,0,0,1,0,0,1,0,0,0,0,0,0,0,0,0,0,0,0,0,1,0,0,0,0,0,0,0,0,0,0,1,0,0,0,0,0,0,1,0,0,1,0,0,0,0,0,0,0,0,0,0,0,1,0,0,0,0,0,0,0,0,0,0,0,0,0,0,0,0,0,0,0,0,0,0,0,0,Business Analyst
3906224855,Verizon,Marketing Business Intelligence Manager,"Basking Ridge, NJ",Six or more years of relevant experience,"Bachelor's degree in Computer Science, Information Systems or Marketing",FULL_TIME,9,2,1,1,0,0,0,0,0,0,0,0,0,0,0,3,1,1,2,0,1,1,1,1,1,1,1,1,1,1,0,1,1,0,1,1,0,0,1,0,1,1,1,1,1,0,1,1,0,1,1,0,0,0,0,0,1,1,1,1,1,0,0,0,0,0,1,0,1,1,0,1,0,1,0,1,1,0,0,1,0,0,0,0,1,0,1,0,1,0,1,0,1,1,0,0,Business Analyst
3891091654,Experis,Senior IT Business Analyst,"St Paul, MN",Experience at a company that operates in a regulated industry,,CONTRACT,5,0,0,0,0,0,0,0,0,0,0,0,0,0,0,0,0,0,0,0,0,0,0,0,1,0,0,0,0,0,0,0,0,0,0,0,0,0,0,0,0,0,0,0,0,0,0,0,0,0,0,0,0,0,0,0,0,0,0,0,0,0,0,0,0,0,0,0,0,0,0,0,0,0,0,0,0,0,0,0,0,0,0,0,0,0,0,0,0,0,0,0,0,0,0,0,Business Analyst
3905855625,TELUS International AI Data Solutions,Online Data Analyst | Work From Home,"North Carolina, United States",,,PART_TIME,0,0,0,0,0,0,0,0,0,0,0,0,0,0,0,0,0,0,0,0,0,0,0,0,0,0,0,0,0,0,0,0,0,0,0,0,0,0,0,0,0,0,0,0,0,0,0,0,0,0,0,0,0,0,0,0,0,0,0,0,0,0,0,0,0,0,0,0,0,0,0,0,0,0,0,0,0,0,0,0,0,0,0,0,0,0,0,0,0,0,0,0,0,0,0,0,Data Analyst
3901938989,TekWissen ®,Business Analyst II (UI/UX design) ,"Brighton, MI",3 years of Business Analyst experience,BS degree preferred,CONTRACT,4,0,0,0,0,0,0,0,0,0,0,0,0,0,0,0,0,0,0,0,0,0,0,0,0,0,0,0,0,0,0,0,0,0,0,0,0,0,0,0,0,0,0,0,0,0,0,0,0,0,0,0,0,0,0,0,0,0,0,0,0,0,0,0,0,0,0,0,0,0,0,0,0,0,0,0,0,0,0,0,0,0,0,0,0,0,0,0,0,0,0,0,0,0,0,0,Business Analyst
3901348758,Intellisoft Technologies,Lead Data Scientist,"Virginia Beach, VA",10 years,Bachelor's Degree,CONTRACT,10,1,1,0,0,0,0,0,0,0,0,0,0,0,0,2,0,1,1,0,0,1,1,1,1,1,0,1,1,1,0,1,1,0,1,1,0,0,1,0,1,1,1,1,1,0,1,1,0,1,1,0,0,0,0,0,1,1,1,1,1,0,0,0,0,0,1,0,1,1,0,1,0,1,0,1,1,0,0,1,0,0,0,0,1,0,1,0,1,0,1,0,1,1,0,0,Data Scientist
3887701756,OP Labs,Senior Data Engineer,United States,4+ years of professional data engineering experience,,FULL_TIME,12,1,1,0,2,0,0,2,1,0,0,0,0,0,0,5,0,4,1,2,0,1,1,0,1,0,0,1,1,0,0,0,0,0,0,0,1,0,1,0,0,0,0,0,0,0,1,0,1,1,0,0,0,0,0,0,1,0,0,1,0,0,0,0,0,0,1,0,0,0,0,1,0,0,0,0,0,0,0,0,0,0,0,0,0,0,0,0,0,0,0,0,0,0,0,0,Data Engineer
3903846145,Transamerica,Intermediate Analytical Reporting Analyst,"Cedar Rapids, IA",2 years,Bachelor's degree,FULL_TIME,7,0,0,0,0,0,0,0,0,0,0,0,0,0,0,0,0,0,0,0,0,0,0,0,1,0,0,0,0,0,0,0,0,0,0,0,0,0,0,0,0,0,0,0,0,0,0,0,0,0,0,0,0,0,0,0,0,0,0,0,0,0,0,0,0,0,0,0,0,0,0,0,0,0,0,0,0,0,0,0,0,0,0,0,0,0,0,0,0,0,0,0,0,0,0,0,Other
3884441553,OpTech,Data Analyst - Expert with Excel,"Auburn Hills, MI","leading and independently representing Retail on project teams, analyzing data and developing management reports and tools",,CONTRACT,6,0,0,0,0,0,0,0,0,0,0,0,4,0,0,1,0,0,0,0,4,0,0,1,1,0,0,0,0,0,0,0,0,0,0,0,0,0,0,0,0,0,0,0,0,0,0,0,0,0,0,0,0,0,0,0,0,0,0,0,0,0,0,0,0,0,0,0,0,0,0,0,0,0,0,0,0,0,0,0,0,0,0,0,0,0,0,0,0,0,0,0,0,0,0,0,Data Analyst
3905391652,Expedia Group,Senior Business Intelligence Analyst,"Austin, TX","3+ years of experience in business intelligence, data analysis, or a related field","Bachelor’s degree in a related field (Computer Science, Business Analytics, etc.); Master’s preferred",FULL_TIME,5,1,1,2,0,0,0,0,0,0,0,0,0,0,0,3,2,1,1,0,2,1,1,1,1,1,1,1,1,1,0,1,1,0,1,1,0,0,1,0,1,1,1,1,1,0,1,1,0,1,1,0,0,0,0,0,1,1,1,1,1,0,0,0,0,0,1,0,1,1,0,1,0,1,0,1,1,0,0,1,0,0,0,0,1,0,1,0,1,0,1,0,1,1,0,0,Business Analyst
3906230754,PrimePay,Data Analyst,"West Chester, PA",0-2 years,"Bachelor’s degree in business, a quantitative field, or equivalent",FULL_TIME,12,2,1,2,0,0,0,0,0,0,0,0,1,3,0,5,5,1,2,0,3,1,1,1,1,1,1,1,1,1,0,1,1,0,1,1,0,0,1,0,1,1,1,1,1,0,1,1,0,1,1,0,0,0,0,0,1,1,1,1,1,0,0,0,0,0,1,0,1,1,0,1,0,1,0,1,1,0,0,1,0,0,0,0,1,0,1,0,1,0,1,0,1,1,0,0,Data Analyst
3902352279,Xoriant,Senior Business Analyst,"Atlanta, GA",Minimum five years,,CONTRACT,14,0,2,0,1,0,0,0,0,1,0,0,0,0,0,4,0,2,0,2,0,1,0,1,1,1,0,1,1,1,0,1,1,0,1,1,0,0,1,0,1,1,1,1,1,0,1,1,0,1,1,0,0,0,0,0,1,1,1,1,1,0,0,0,0,0,1,0,1,1,0,1,1,1,0,1,1,0,0,1,0,0,0,0,1,0,1,0,1,0,1,0,1,1,0,0,Business Analyst
3901987303,Thermo Fisher Scientific,Associate Business Systems Analyst,"Wisconsin, United States",0 to 2 years,Bachelor's degree or equivalent,FULL_TIME,2,0,0,0,0,0,0,0,0,0,0,0,0,0,0,0,0,0,0,0,0,0,0,0,1,0,0,0,0,0,0,0,0,0,0,0,0,0,0,0,0,0,0,0,0,0,0,0,0,0,0,0,0,0,0,0,0,0,0,0,0,0,0,0,0,0,0,0,0,0,0,0,0,0,0,0,0,0,0,0,0,0,0,0,0,0,0,0,0,0,0,0,0,0,0,0,Business Analyst
3894286618,Capital One,"Senior Data Scientist, - AI Foundations, Personalization","McLean, VA","at least 1 year of experience in open source programming languages for large scale data analysis, at least 1 year of experience with machine learning, at least 1 year of experience with relational databases","Bachelor’s Degree plus 2 years of experience in data analytics, or Master’s Degree, or PhD",FULL_TIME,16,2,1,0,1,4,0,0,0,0,0,0,0,0,0,4,0,1,6,1,0,1,1,1,1,1,0,1,1,1,0,1,1,0,1,1,0,1,1,0,1,1,1,1,1,0,1,1,0,1,1,0,0,0,0,0,1,1,1,1,1,0,0,0,0,0,1,0,1,1,0,1,0,1,0,1,1,0,0,1,0,0,0,0,1,0,1,0,1,0,1,0,1,1,0,0,Data Scientist
3905306415,Confidential,Loan Transformation Data Analyst ,"Tampa, FL",10+ years,,CONTRACT,7,0,1,0,0,0,0,0,0,0,0,0,1,1,0,3,1,1,0,0,1,1,0,1,1,0,0,0,0,0,0,0,0,0,0,0,0,0,1,0,0,0,0,0,0,0,0,0,0,1,0,0,0,0,0,0,1,0,0,1,0,0,0,0,0,0,0,0,0,0,0,1,0,0,0,0,0,0,0,0,0,0,0,0,0,0,0,0,0,0,0,0,0,0,0,0,Data Analyst
3905338394,Cisco,"Senior Software Engineer, Data Engineering - ThousandEyes","San Francisco, CA","5+ years of experience in data engineering, software engineering, or other related roles","BS/MS with quantitative focus (e.g. Economics, Computer Science, Mathematics, Physics, Statistics) or equivalent practical experience",FULL_TIME,15,1,1,0,2,0,0,3,0,0,0,0,0,0,0,4,0,4,1,2,0,1,1,1,1,1,0,1,1,1,0,1,1,0,1,1,0,0,1,0,1,1,1,1,1,1,1,1,0,1,1,0,0,0,1,0,1,1,1,0,1,0,0,0,0,0,1,0,1,1,0,1,0,1,1,1,1,0,0,1,0,0,0,0,1,0,1,0,1,0,1,0,1,1,0,0,Data Engineer
3905887769,Fingerpaint Group,Director of Analytics,"Cedar Knolls, NJ",10 years of analytics and reporting experience,,FULL_TIME,5,0,1,1,0,0,0,0,0,0,0,0,0,0,0,2,1,1,0,0,1,1,0,0,1,0,1,0,0,0,0,0,0,0,0,0,0,0,1,0,0,0,0,0,0,0,0,0,0,1,0,0,0,0,0,0,1,0,0,1,0,0,0,0,0,0,0,0,0,0,0,1,0,0,0,0,0,0,0,0,0,0,0,0,0,0,0,0,0,0,0,0,0,0,0,0,Other
3900983236,Mitchell Martin Inc.,Oracle Business Intelligence Consultant,"Chicago, IL",3 months contract,,CONTRACT,2,0,1,1,0,0,0,0,0,0,0,0,0,0,0,2,1,1,0,0,1,1,0,0,1,0,0,0,0,0,0,0,0,0,0,0,0,0,1,0,0,0,0,0,0,0,0,0,0,1,0,0,0,0,0,0,1,0,0,1,0,0,0,0,0,0,0,0,0,0,0,1,0,0,0,0,1,0,0,0,0,0,0,0,0,0,0,0,0,0,0,0,0,0,0,0,Business Analyst
3901349539,ChabezTech LLC,Senior Data Engineer,"Georgia, United States",Senior,,CONTRACT,14,1,2,0,2,0,0,1,0,0,2,1,0,0,0,8,0,3,1,2,0,1,1,0,1,0,0,1,0,0,0,0,0,1,0,0,0,1,1,0,0,0,0,0,0,0,0,0,0,1,1,0,0,0,0,0,1,0,0,1,1,1,0,0,0,0,0,0,0,1,0,1,0,0,0,0,0,0,0,0,0,0,0,0,0,0,0,0,0,0,0,0,0,0,0,0,Data Engineer
3903806210,Capital One,"Senior Associate, Data Scientist - Model Risk Office","Richmond, VA","at least 1 year of experience in open source programming languages for large scale data analysis, at least 1 year of experience with machine learning, at least 1 year of experience with relational databases","Bachelor’s Degree plus 2 years of experience in data analytics, or Master’s Degree, or PhD",FULL_TIME,17,2,1,0,1,1,0,1,0,0,0,0,0,0,0,5,0,2,3,1,0,1,1,1,1,1,0,1,1,1,0,1,1,0,1,1,0,1,1,0,1,1,1,1,1,0,1,1,0,1,1,0,0,0,0,0,1,1,1,1,1,0,1,0,0,0,1,0,1,1,0,1,0,1,0,1,1,0,0,1,0,0,0,0,1,0,1,0,1,0,1,0,1,1,0,0,Data Scientist
3894876574,Genmab,"(Senior) Bioinformatics Data Engineer, Translational and Quantitative Sciences Data Engineering","Princeton, NJ",5+ years of software engineering experience,"BS/MS in Computer Science, Bioinformatics, or a related field",FULL_TIME,31,2,0,0,2,0,0,3,1,0,0,0,0,0,0,4,0,4,2,2,0,0,1,1,1,1,0,1,1,1,0,1,1,0,1,1,0,0,1,0,1,1,1,1,1,0,1,1,0,0,1,1,0,0,0,0,1,1,1,0,1,0,0,0,0,0,1,0,1,1,0,1,0,1,0,1,1,1,1,1,0,0,0,0,1,0,1,0,1,0,1,0,1,1,0,0,Data Engineer
3901673468,PSEG,Manager of Sustainability Reporting & Analytics,"Newark, NJ",at least 7 years of business experience,"Bachelor's degree in Business/Economics, Government/Political Science/Policy, or Sustainability",FULL_TIME,6,0,0,0,0,0,0,0,0,0,0,0,1,0,0,1,0,0,0,0,1,0,0,1,1,1,0,1,1,1,0,1,1,0,1,1,0,0,1,0,1,1,1,1,1,0,1,1,0,0,1,0,0,0,0,0,1,1,1,0,1,0,0,0,0,0,1,0,1,1,0,1,0,1,0,1,1,0,0,1,0,0,0,0,1,0,1,0,1,0,1,0,1,1,0,0,Other
3902357112,Robbie AI,Machine Learning Team Lead,"Tulsa, OK",at least 5 engineers,,FULL_TIME,18,1,0,0,0,3,0,0,0,0,1,0,0,0,0,3,0,0,4,0,0,0,1,1,1,1,0,1,1,1,0,1,1,0,1,1,0,1,1,0,1,1,1,1,1,0,1,1,0,0,1,0,0,0,0,0,1,1,1,0,1,1,0,1,0,0,1,0,1,1,0,1,0,1,0,1,1,0,0,1,1,1,0,0,1,0,1,0,1,0,1,0,1,1,0,0,AI / ML Engineer
3895584708,TikTok,"Machine Learning Engineer, E-Commerce","San Jose, CA",3+ years,Bachelor above degree in computer science or relevant areas,FULL_TIME,15,2,0,0,0,3,0,1,0,0,0,0,0,0,0,3,0,1,5,0,0,0,1,1,1,1,0,1,1,1,0,1,1,0,1,1,0,0,1,0,1,1,1,1,1,0,1,1,0,0,1,0,0,0,0,0,1,1,1,0,1,0,0,0,0,0,1,0,1,1,0,1,0,1,0,1,1,0,0,1,0,0,1,0,1,0,1,0,1,0,1,0,1,1,0,0,AI / ML Engineer
3886883013,"Imagine Staffing Technology, An Imagine Company",Senior Digital Analytics Specialist (Technical),Buffalo-Niagara Falls Area,"minimum of 4 years marketing, product management, financial, analytics, and/or data management experience",Bachelors degree,FULL_TIME,11,2,1,2,0,0,0,1,0,0,0,0,0,1,0,5,3,2,2,0,2,1,1,1,1,1,1,1,1,1,0,1,1,0,1,1,1,0,1,0,1,1,1,1,1,0,1,1,0,1,1,0,0,0,0,0,1,1,1,1,1,0,0,0,0,0,1,0,1,1,0,1,0,1,0,1,1,0,0,1,0,0,0,0,1,0,1,0,1,0,1,0,1,1,0,0,Other
3885112244,,Business Analyst,United States,2+ years,,FULL_TIME,7,0,0,0,0,0,0,0,0,0,0,0,1,0,0,1,0,0,0,0,1,0,0,1,1,0,0,0,0,0,0,0,0,0,0,0,0,0,0,0,0,0,0,0,0,0,0,0,0,0,0,0,0,0,0,0,0,0,0,0,0,0,0,0,0,0,0,0,0,0,0,0,0,0,0,0,0,0,0,0,0,0,0,0,0,0,0,0,0,0,0,0,0,0,0,0,Business Analyst
3902861372,Okta,Staff Machine Learning Engineer (Customer Identity),United States,Experience with building production systems and platforms at scale,"Bachelor's degree in Computer Science, Engineering, Statistics or a related quantitative field",FULL_TIME,14,1,1,0,1,1,0,0,0,2,0,0,0,0,0,5,0,1,2,3,0,1,1,0,1,0,0,0,0,0,0,0,0,1,0,1,0,0,1,0,1,0,1,0,0,0,0,0,0,1,0,1,0,0,0,0,1,0,0,1,0,0,0,0,0,0,0,0,0,0,0,1,0,0,0,0,0,0,0,0,0,0,0,0,0,0,0,0,0,0,0,0,0,0,0,0,AI / ML Engineer
3905208418,Constellis,Manager Resources and Analytics,United States,Three to five years,4-year bachelor’s degree,FULL_TIME,7,0,1,0,0,0,0,0,0,0,0,0,1,0,0,2,0,1,0,0,1,1,0,1,1,0,0,0,0,0,0,0,0,0,0,0,0,0,1,0,0,0,0,0,0,0,0,0,0,1,0,0,0,0,0,0,1,0,0,1,0,0,0,0,0,0,0,0,0,0,0,1,0,0,0,0,0,0,0,0,0,0,0,0,0,0,0,0,0,0,0,0,0,0,0,0,Other
3906261179,Navy Federal Credit Union,Principal Data Scientist (Credit Risk & Decision Science),"Vienna, VA",6+ years,"Bachelor's Degree in Data Science, Statistics, Mathematics, Computers Science, Engineering, or degrees in similar quantitative fields",OTHER,18,2,1,0,1,0,0,1,0,0,1,0,0,2,0,6,2,2,2,1,0,1,1,1,1,1,0,1,1,1,0,1,1,0,1,1,1,1,1,0,1,1,1,1,1,0,1,1,0,1,1,0,0,0,0,0,1,1,1,1,1,1,0,0,0,0,1,0,1,1,0,1,0,1,0,1,1,0,0,1,0,0,0,0,1,0,1,0,1,0,1,0,1,1,0,0,Data Scientist
3904942700,TELUS International,Online Data Analyst,"Manchester, VT",,,PART_TIME,3,0,0,0,0,0,0,0,0,0,0,0,0,0,0,0,0,0,0,0,0,0,0,0,1,0,0,0,0,0,0,0,0,0,0,0,0,0,0,0,0,0,0,0,0,0,0,0,0,0,0,0,0,0,0,0,0,0,0,0,0,0,0,0,0,0,0,0,0,0,0,0,0,0,0,0,0,0,0,0,0,0,0,0,0,0,0,0,0,0,0,0,0,0,0,0,Data Analyst
3903444746,Gypsum Management and Supply,Junior Data Analyst,"Tucker, GA",,Bachelor's degree in Data Analytics or equivalent,FULL_TIME,5,0,0,1,0,0,0,0,0,0,0,0,1,0,0,2,1,0,0,0,2,0,0,1,1,1,0,0,0,0,0,0,0,0,0,0,0,0,0,0,0,0,0,0,0,0,0,0,0,0,0,0,0,0,0,0,0,0,0,0,0,0,0,0,0,0,0,0,0,0,0,0,0,0,0,0,0,0,0,0,0,0,0,0,0,0,0,0,0,0,0,0,0,0,0,0,Data Analyst
3904933849,HireTalent - Diversity Staffing & Recruiting Firm,Business Systems Analyst #: 24-02678,"Newark, NJ",3 to<5 Years,"BA/BS in CS, Information Systems or Information management or Systems design",CONTRACT,8,0,1,2,0,0,0,0,0,0,0,0,0,0,0,2,2,1,0,0,2,1,0,1,1,1,1,1,1,1,0,1,1,0,1,1,0,0,1,0,1,1,1,1,1,0,1,1,0,1,1,0,0,0,0,0,1,1,1,1,1,0,0,0,0,0,1,0,1,1,0,1,0,1,0,1,1,0,0,1,0,0,0,0,1,0,1,0,1,0,1,0,1,1,0,0,Business Analyst
3898174047,ARCO a Family of Construction Companies,Business Analyst,"Brentwood, MO",5-8 years,"Bachelor’s Degree in Business, Information Technology, or a related discipline",FULL_TIME,4,0,0,0,0,0,0,0,0,0,0,0,0,0,0,0,0,0,0,0,0,0,0,0,1,0,0,0,0,0,0,0,0,0,0,0,0,0,0,0,0,0,0,0,0,0,0,0,0,0,0,0,0,0,0,0,0,0,0,0,0,0,0,0,0,0,0,0,0,0,0,0,0,0,0,0,0,0,0,0,0,0,0,0,0,0,0,0,0,0,0,0,0,0,0,0,Business Analyst
3902302203,Baxter International Inc.,"Director, Commercial Operations (capital equipment sales effectiveness, enablement, analytics, excellence) (on-site),","Deerfield, IL","Minimum of 10 years work experience in a related field, Minimum of 5 years of leadership/management experience",Bachelor’s degree or country equivalent,FULL_TIME,3,0,0,1,0,0,0,0,0,0,0,0,0,0,0,1,1,0,0,0,1,0,0,0,1,1,0,0,0,0,0,0,0,0,0,0,0,0,0,0,0,0,0,0,0,0,0,0,0,0,0,0,0,0,0,0,0,0,0,0,0,0,0,0,0,0,0,0,0,0,0,0,0,0,0,0,0,0,0,0,0,0,0,0,0,0,0,0,0,0,0,0,0,0,0,0,Other
3891289535,The Job Network,"Senior Director, Workforce Planning & Analytics","Milwaukee, WI",Proven experience in leading and managing teams,,FULL_TIME,19,0,0,0,0,0,0,0,0,0,0,0,0,0,0,0,0,0,0,0,0,0,0,0,1,0,0,0,0,0,0,0,0,0,0,0,0,0,0,0,0,0,0,0,0,0,0,0,0,0,0,0,0,0,0,0,0,0,0,0,0,0,0,0,0,0,0,0,0,0,0,0,0,0,0,0,0,0,0,0,0,0,0,0,0,0,0,0,0,0,0,0,0,0,0,0,Other
3902862582,Realtek Consulting LLC,Data Scientist,"Bentonville, AR",,,FULL_TIME,25,0,1,0,0,2,0,0,1,0,0,0,0,0,0,3,0,2,2,0,0,1,0,1,1,1,0,1,1,1,0,1,1,0,1,1,0,0,1,0,1,1,1,1,1,0,1,1,0,1,1,0,0,0,0,0,1,1,1,1,1,0,0,0,1,0,1,0,1,1,0,1,0,1,0,1,1,0,0,1,0,0,0,1,1,0,1,0,1,0,1,0,1,1,0,1,Data Scientist
3901944658,W3Global,Senior Technical Telecom Vlocity Business Analyst,"Irving, TX",10+ years,,FULL_TIME,20,0,0,0,0,0,0,0,0,0,0,0,0,0,2,1,2,0,0,0,0,0,0,0,1,0,0,0,0,0,0,0,0,0,0,0,0,0,0,0,0,0,0,0,0,0,0,0,0,0,0,0,0,0,0,0,0,0,0,0,0,0,0,0,0,0,0,0,0,0,0,0,0,0,0,0,0,0,0,0,0,0,0,0,0,0,0,0,0,0,0,0,0,0,0,0,Business Analyst
3905329372,JSR Tech Consulting,CIAM Business Analyst,"Newark, NJ",,Bachelor of Computer Science or Engineering,FULL_TIME,22,0,0,0,0,0,0,0,0,0,0,0,0,0,0,0,0,0,0,0,0,0,0,0,1,0,0,0,0,0,0,0,0,0,0,0,0,0,0,0,0,0,0,0,0,0,0,0,0,0,0,0,0,0,0,0,0,0,0,0,0,0,0,0,0,0,0,0,0,0,0,0,0,0,0,0,0,0,0,0,0,0,0,0,0,0,0,0,0,0,0,0,0,0,0,0,Business Analyst
3899523690,IT Automation LLC,Customer Relationship Management Business Analyst,"North Carlton, MN",6+ years,,FULL_TIME,9,0,0,0,0,0,0,0,0,1,0,0,0,0,0,1,0,0,0,1,0,0,0,0,1,0,0,0,0,0,1,0,0,0,0,0,0,0,0,0,0,0,0,0,1,0,0,0,0,0,0,0,0,0,0,0,0,0,0,0,0,0,0,0,0,0,0,0,0,0,0,0,0,0,0,0,0,0,0,0,0,0,0,0,0,0,0,0,0,0,0,0,0,0,0,0,Business Analyst
3901356982,Centene Corporation,Business Analyst I,"Arizona, United States",0-2 years,Bachelor's Degree,FULL_TIME,15,0,0,0,0,0,0,0,0,0,0,0,0,0,0,0,0,0,0,0,0,0,0,0,1,0,0,0,0,0,0,0,0,0,0,0,0,0,0,0,0,0,0,0,0,0,0,0,0,0,0,0,0,0,0,0,0,0,0,0,0,0,0,0,0,0,0,0,0,0,0,0,0,0,0,0,0,0,0,0,0,0,0,0,0,0,0,0,0,0,0,0,0,0,0,0,Business Analyst
3902357940,Libsys Inc,Gen AI Engineer,"Houston, TX",,"Bachelor's or Master's Degree in Computer Science, Engineering, or a related field",CONTRACT,11,0,0,0,0,1,1,0,0,0,0,0,0,0,0,2,0,0,2,0,0,0,0,0,1,0,0,0,0,0,0,0,0,0,0,0,0,0,0,0,0,0,0,1,0,0,0,0,0,0,0,0,0,0,0,0,0,0,0,0,0,0,0,0,0,0,0,0,0,0,0,0,0,0,0,0,0,0,0,0,0,0,0,0,0,1,0,0,0,0,0,0,0,0,0,0,AI / ML Engineer
3884439254,Maxonic,Dynamics 365 Business Analyst (NO CTC) ,"Los Angeles, CA",3-5 years,,FULL_TIME,25,0,0,0,0,0,0,0,0,0,0,0,0,0,1,1,1,0,0,0,0,0,0,0,1,0,0,0,0,0,0,0,0,0,0,0,0,0,0,0,0,0,0,0,0,0,0,0,0,0,0,0,0,0,0,0,0,0,0,0,0,0,0,0,0,0,0,0,0,0,0,0,0,0,0,0,0,0,0,0,0,0,0,0,0,0,0,0,0,0,0,0,0,0,0,0,Business Analyst
3885103769,ATC,Data Analyst-WA,"Washington, United States",,Master's Degree,FULL_TIME,14,0,0,0,0,0,0,0,0,0,0,0,0,0,1,1,1,0,0,0,0,0,0,0,1,0,0,0,0,0,0,0,0,0,0,0,0,0,0,0,0,0,0,0,0,0,0,0,0,0,0,0,0,0,0,0,0,0,0,0,0,0,0,0,0,0,0,0,0,0,0,0,0,0,0,0,0,0,0,0,0,0,0,0,0,0,0,0,0,0,0,0,0,0,0,0,Data Analyst
3891251459,Algosrus.com,Sales Director - AI powered Predictive Analytics as a Service at AlgosRus.com!,United States,,,FULL_TIME,5,0,0,0,0,0,0,0,0,0,0,0,0,0,0,0,0,0,0,0,0,0,0,0,1,0,0,0,0,0,0,0,0,0,0,0,0,0,0,0,0,0,0,0,0,0,0,0,0,0,0,0,0,0,0,0,0,0,0,0,0,0,0,0,0,0,0,0,0,0,0,0,0,0,0,0,0,0,0,0,0,0,0,0,0,0,0,0,0,0,0,0,0,0,0,0,Other
3887718042,HireTalent - Diversity Staffing & Recruiting Firm,Office/Administration - Data Analyst Lv3 #: 24-02340,"Wayzata, MN",4+ years,Bachelor's Degree,CONTRACT,41,0,1,0,0,0,0,0,3,0,0,0,0,0,0,2,0,4,0,0,0,1,0,1,1,1,0,1,1,1,0,1,1,0,1,1,0,0,1,0,1,1,1,1,1,0,1,1,0,1,1,0,1,0,0,0,1,1,1,1,1,0,0,0,0,0,1,0,1,1,0,1,0,1,0,1,1,0,0,1,0,0,0,0,1,0,1,0,1,0,1,0,1,1,0,0,Data Analyst
3895532596,Vidmob,"Engineering Manager, Analytics",United States,7+ years,Bachelor of Science in Computer Science,FULL_TIME,29,0,0,0,0,0,1,0,0,0,0,0,0,0,0,1,0,0,1,0,0,0,0,0,1,0,0,0,0,0,0,0,0,0,0,0,0,0,0,0,0,0,0,0,0,0,0,1,0,0,0,0,0,0,0,0,0,0,0,0,0,0,0,0,0,0,0,0,0,0,0,0,0,0,0,0,0,0,0,0,0,0,0,0,0,0,0,0,0,0,0,0,0,0,0,0,Other
3904932499,Rose International,Business Data Analyst,"San Diego, CA",5+ years,,TEMPORARY,17,0,0,0,0,0,0,0,0,0,0,0,0,0,0,0,0,0,0,0,0,0,0,0,1,0,0,0,0,0,0,0,0,0,0,0,0,0,0,0,0,0,0,0,0,0,0,0,0,0,0,0,0,0,0,0,0,0,0,0,0,0,0,0,0,0,0,0,0,0,0,0,0,0,0,0,0,0,0,0,0,0,0,0,0,0,0,0,0,0,0,0,0,0,0,0,Data Analyst
3901634556,Kaizer Software Solutions,Business Analyst for Primary Dealership & FR2004 Reporting Exp ,"New York, NY",5+ years,,CONTRACT,7,0,0,0,0,0,0,0,0,0,0,0,0,0,0,0,0,0,0,0,0,0,0,0,1,0,0,0,0,0,0,0,0,0,0,0,0,0,0,0,0,0,0,0,0,0,0,0,0,0,0,0,0,0,0,0,0,0,0,0,0,0,0,0,0,0,0,0,0,0,0,0,0,0,0,0,0,0,0,0,0,0,0,0,0,0,0,0,0,0,0,0,0,0,0,0,Business Analyst
3904938280,AT&T,Senior Data Analyst,"Dallas, TX",3 years,Master's Degree,FULL_TIME,27,0,0,0,0,0,0,0,2,0,0,0,0,0,0,1,0,2,0,0,0,0,0,0,1,0,0,0,0,1,0,0,0,0,0,0,0,0,0,0,0,0,0,0,0,0,0,0,0,0,0,0,1,0,0,0,0,0,0,0,0,0,0,0,0,0,0,0,0,0,0,0,0,0,0,0,0,0,0,0,0,0,0,0,0,0,1,0,0,0,0,0,0,0,0,0,Data Analyst
3905226345,PODS,Manager-Talent Acquisition Operations and Analytics,"Clearwater, FL",3+ years,Bachelor's Degree,FULL_TIME,35,0,0,0,0,0,0,0,0,0,0,0,0,0,0,0,0,0,0,0,0,0,0,0,1,0,0,0,0,0,0,0,0,0,0,0,0,0,0,0,0,0,0,0,0,0,0,0,0,0,0,0,0,0,0,0,0,0,0,0,0,0,0,0,0,0,0,0,0,0,0,0,0,0,0,0,0,0,0,0,0,0,0,0,0,0,0,0,0,0,0,0,0,0,0,0,Other
3899525852,RJC Group,Business Analyst,"Houston, TX",6 months,,CONTRACT,9,0,0,0,0,0,0,0,0,0,0,0,0,0,0,0,0,0,0,0,0,0,0,1,1,1,0,1,1,1,0,1,1,0,1,1,0,0,1,0,1,1,1,1,1,0,1,1,0,0,1,0,0,0,0,0,1,1,1,0,1,0,0,0,0,0,1,0,1,1,0,1,0,1,0,1,1,0,0,1,0,0,0,0,1,0,1,0,1,0,1,0,1,1,0,0,Business Analyst
3906248729,Cognizant,"Business Analyst, Retirement & Pension - Consulting","Los Angeles, CA",6-8 years,Bachelor's Degree,FULL_TIME,36,0,0,0,0,0,0,0,0,0,0,0,0,0,0,0,0,0,0,0,0,0,0,0,1,0,0,0,0,0,0,0,0,0,0,0,0,1,0,0,0,0,0,0,0,0,0,0,0,0,0,0,0,0,0,0,0,0,0,0,0,0,0,0,0,0,0,0,0,0,0,0,0,0,0,0,0,0,0,0,0,0,0,0,0,0,0,0,0,0,0,0,0,0,0,0,Business Analyst
3902350590,"The Emery Company, LLC",Business Systems Analysts ,"Houston, TX",,,CONTRACT,15,0,0,0,0,0,0,0,0,0,0,0,0,0,1,1,1,0,0,0,0,0,0,0,1,0,0,0,0,0,0,0,0,0,0,0,0,0,0,0,0,0,0,0,0,0,0,0,0,0,0,0,0,0,0,0,0,0,0,0,0,0,0,0,0,0,0,0,0,0,0,0,0,0,0,0,0,0,0,0,0,0,0,0,0,0,0,0,0,0,0,0,0,0,0,0,Business Analyst
3904358864,,Senior Data Engineer,"Bellevue, WA",5+ years,Bachelor's or Master's Degree,FULL_TIME,13,0,0,0,0,0,0,0,0,0,0,0,0,0,0,0,0,0,0,0,0,0,0,0,1,0,0,0,0,0,0,0,0,0,0,0,0,0,0,0,0,0,0,0,0,0,0,0,0,0,0,0,0,0,0,0,0,0,0,0,0,0,0,0,0,0,0,0,0,0,0,0,0,0,0,0,0,0,0,0,0,0,0,0,0,0,0,0,0,0,0,0,0,0,0,0,Data Engineer
3887948207,"Elegant Enterprise-Wide Solutions, Inc.",Data Analyst 3,"Chesterfield, VA",Proven experience as a Data Analyst,Bachelor's degree in a relevant field,CONTRACT,9,0,0,0,0,0,0,0,0,0,0,0,0,1,0,1,1,0,0,0,0,0,0,1,1,1,0,1,1,1,0,1,1,0,1,1,0,0,1,0,1,1,1,1,1,0,1,1,0,0,1,0,0,0,0,0,1,1,1,0,1,0,0,0,0,0,1,0,1,1,0,1,0,1,0,1,1,0,0,1,0,0,0,0,1,0,1,0,1,0,1,0,1,1,0,0,Data Analyst
3901942350,DataAnnotation,Data Analyst,Greater Tampa Bay Area,,Bachelor's Degree,CONTRACT,4,0,0,0,0,0,0,0,0,0,0,0,0,0,0,0,0,0,0,0,0,0,0,0,1,0,0,0,0,0,0,0,0,0,0,0,0,0,0,0,0,0,0,0,0,0,0,0,0,0,0,0,0,0,0,0,0,0,0,0,0,0,0,0,0,0,0,0,0,0,0,0,0,0,0,0,0,0,0,0,0,0,0,0,0,0,0,0,0,0,0,0,0,0,0,0,Data Analyst
3901394550,New York Institute of Technology,Academic Analytics & Assessment Associate ,"Old Westbury, NY",,Bachelor's Degree,FULL_TIME,13,0,0,0,0,0,0,0,0,0,0,0,0,0,0,0,0,0,0,0,0,0,0,0,1,0,0,0,0,0,0,0,0,0,0,0,0,0,0,0,0,0,0,0,0,0,0,0,0,0,0,0,0,0,0,0,0,0,0,0,0,0,0,0,0,0,0,0,0,0,0,0,0,0,0,0,0,0,0,0,0,0,0,0,0,0,0,0,0,0,0,0,0,0,0,0,Other
3902353887,MPLC,Business Analyst Intern - Summer,Los Angeles Metropolitan Area,At least 1 year of professional experience,Current undergraduate (2nd year or higher) or graduate student,INTERNSHIP,7,0,0,0,0,0,0,0,0,0,0,0,1,0,0,1,0,0,0,0,1,0,0,1,1,0,0,0,0,0,0,0,0,0,0,0,0,0,0,0,0,0,0,0,0,0,0,0,0,0,0,0,0,0,0,0,0,0,0,0,0,0,0,0,0,0,0,0,0,0,0,0,0,0,0,0,0,0,0,0,0,0,0,0,0,0,0,0,0,0,0,0,0,0,0,0,Business Analyst
3901944725,Paramount,"Senior Financial Analyst, Business Analytics - Planning &  Strategy","Los Angeles, CA",4 years,Bachelor's Degree,FULL_TIME,12,0,0,0,0,0,0,0,0,0,0,0,0,0,0,0,0,0,0,0,0,0,0,0,1,0,0,0,0,0,0,0,0,0,0,0,0,0,0,0,0,0,0,0,0,0,0,0,0,0,0,0,0,0,0,0,0,0,0,0,0,0,0,0,0,0,0,0,0,0,0,0,0,0,0,0,0,0,0,0,0,0,0,0,0,0,0,0,0,0,0,0,0,0,0,0,Other
3904740018,Infogain,Business Data Analyst,"Springdale, AR",3-6 years,,CONTRACT,6,0,0,0,0,0,0,0,0,0,0,0,0,0,0,0,0,0,0,0,0,0,0,0,1,0,0,0,0,0,0,0,0,0,0,0,0,0,0,0,0,0,0,0,0,0,0,0,0,0,0,0,0,0,0,0,0,0,0,0,0,0,0,0,0,0,0,0,0,0,0,0,0,0,0,0,0,0,0,0,0,0,0,0,0,0,0,0,0,0,0,0,0,0,0,0,Data Analyst
3901956833,Worldpay,"Business Analyst I, University Program","Cincinnati, OH",,Bachelor's Degree,FULL_TIME,7,0,0,0,0,0,0,0,0,0,0,0,0,0,0,0,0,0,0,0,0,0,0,0,1,0,0,0,0,0,0,0,0,0,0,0,0,0,0,0,0,0,0,0,0,0,0,0,0,0,0,0,0,0,0,0,0,0,0,0,0,0,0,0,0,0,0,0,0,0,0,0,0,0,0,0,0,0,0,0,0,0,0,0,0,0,0,0,0,0,0,0,0,0,0,0,Business Analyst
3886879484,ATC,Data Analyst-NY,"New York, United States",,Master's Degree,FULL_TIME,15,0,0,0,0,0,0,0,0,0,0,0,0,0,1,1,1,0,0,0,0,0,0,0,1,0,0,0,0,0,0,0,0,0,0,0,0,0,0,0,0,0,0,0,0,0,0,0,0,0,0,0,0,0,0,0,0,0,0,0,0,0,0,0,0,0,0,0,0,0,0,0,0,0,0,0,0,0,0,0,0,0,0,0,0,0,0,0,0,0,0,0,0,0,0,0,Data Analyst
3898162921,Qualitative Financials,GCP Data Engineer,"San Francisco, CA",7+ years,,CONTRACT,8,0,0,0,0,0,0,0,0,0,0,0,0,0,0,0,0,0,0,0,0,0,0,0,1,0,0,0,0,0,0,0,0,0,0,0,0,0,0,0,0,0,0,0,1,0,0,0,0,0,0,0,0,0,0,0,0,0,0,0,0,0,0,0,0,0,0,0,0,0,0,0,0,0,0,0,0,0,0,0,0,0,0,0,0,0,1,0,0,0,0,0,0,0,0,0,Data Engineer
3902780922,Capital One,Senior Machine Learning Engineer,"McLean, VA",4+ years,Bachelor's Degree,FULL_TIME,27,0,0,0,0,3,0,0,2,1,0,0,0,0,0,3,0,2,3,1,0,0,0,0,1,0,0,0,0,1,1,0,0,0,0,0,0,0,0,0,0,0,0,0,0,0,0,0,0,0,0,0,0,0,0,0,0,0,0,0,0,0,0,0,1,0,0,0,0,0,0,0,0,0,0,0,0,0,0,0,0,0,0,0,0,0,0,1,1,1,0,0,0,0,0,1,AI / ML Engineer
3904396152,"Strategic Education, Inc",Business Analyst Intern,"Minneapolis, MN",,"Bachelor's Degree in Computer Science, Mathematics, or related field",FULL_TIME,11,0,0,0,0,0,0,0,0,0,0,0,0,0,0,0,0,0,0,0,0,0,0,0,1,0,0,0,0,0,0,0,0,0,0,0,0,0,0,0,0,0,0,0,0,0,0,0,0,0,0,0,0,0,0,0,0,0,0,0,0,0,0,0,0,0,0,0,0,0,0,0,0,0,0,0,0,0,0,0,0,0,0,0,0,0,0,0,0,0,0,0,0,0,0,0,Business Analyst
3904413403,PulsePoint,"Sr. Data Analyst, Programmatic Advertising","Newark, NJ",3-5 years,Bachelor's degree in Business Intelligence and Analytics or closely related field,FULL_TIME,18,0,1,0,0,0,0,0,2,0,0,0,0,1,0,3,1,3,0,0,0,1,0,0,1,0,0,0,0,1,0,0,0,0,0,0,0,0,1,1,0,0,0,0,0,0,0,0,0,1,0,0,0,0,0,0,1,0,0,1,0,0,0,0,0,0,0,0,0,0,0,1,0,0,0,0,0,0,0,0,0,0,0,0,0,0,0,0,0,0,0,0,0,0,0,0,Data Analyst
3894993415,Cognizant,Sr. AWS Data Engineer - Hybrid ,"Baltimore, MD",7-10 years,"Bachelor's degree in Computer Science, Data Science, or a related field",FULL_TIME,25,0,0,0,0,0,0,1,2,0,0,0,0,0,0,2,0,3,0,0,0,0,0,1,1,1,0,1,1,1,0,1,1,0,1,1,0,0,1,0,1,1,1,1,1,0,1,1,1,0,1,0,0,0,0,0,1,1,1,0,1,0,0,0,0,0,1,0,1,1,0,1,0,1,0,1,1,0,0,1,0,0,0,0,1,0,1,0,1,0,1,0,1,1,0,0,Data Engineer
3901373790,SNVA Technologies,Data Analyst,"Juno Beach, FL",2-5 years,,CONTRACT,7,0,0,0,0,0,0,0,1,0,0,0,0,0,0,1,0,1,0,0,0,0,0,0,1,0,0,0,0,1,0,0,0,0,0,0,0,0,0,0,0,0,0,0,0,0,0,0,0,0,0,0,0,0,0,0,0,0,0,0,0,0,0,0,0,0,0,0,0,0,0,0,0,0,0,0,0,0,0,0,0,0,0,0,0,0,0,0,0,0,0,0,0,0,0,0,Data Analyst
3905241252,Rose International,Support Data Engineer,"Tampa, FL",4-8 years,,TEMPORARY,20,0,0,0,0,0,0,0,0,0,0,0,0,0,0,0,0,0,0,0,0,0,0,0,1,0,0,0,0,0,0,0,0,0,0,0,0,0,0,0,0,0,0,0,0,0,0,0,0,0,0,0,0,0,0,0,0,0,0,0,0,0,0,0,0,0,0,0,0,1,0,0,0,0,0,0,0,0,0,0,0,0,0,0,0,0,0,0,0,0,0,0,0,0,0,0,Data Engineer
3894875140,Frost,Data Analyst - Financial,"San Antonio, TX",2+ years,"Bachelor's degree in Business, Data Analytics, Statistics or MIS discipline",FULL_TIME,19,0,0,0,0,0,0,0,1,0,0,0,0,0,0,1,0,1,0,0,0,0,0,0,1,0,0,0,0,1,0,0,0,0,0,0,0,0,0,0,0,0,0,0,0,0,0,0,0,0,0,0,0,0,0,0,0,0,0,0,0,0,0,0,0,0,0,0,0,0,0,0,0,0,0,0,0,0,0,0,0,0,0,0,0,0,0,0,0,0,0,0,0,0,0,0,Data Analyst
3898179040,"Promantis, Inc.",Business Analyst,"Brighton, MI",3 years,BS degree,CONTRACT,10,0,0,0,0,0,0,0,0,0,0,0,0,0,0,0,0,0,0,0,0,0,0,0,1,0,0,0,0,0,0,0,0,0,0,0,0,0,0,0,0,0,0,0,0,0,0,0,0,0,0,0,0,0,0,0,0,0,0,0,0,0,0,0,0,0,0,0,0,0,0,0,0,0,0,0,0,0,0,0,0,0,0,0,0,0,0,0,0,0,0,0,0,0,0,0,Business Analyst
3904574897,Capital One,Lead Data Engineer (FinOps),"New York, NY",6+ years,Bachelor's Degree,FULL_TIME,14,0,0,0,0,0,0,0,0,0,0,0,0,0,0,0,0,0,0,0,0,0,0,0,1,0,0,0,0,0,0,0,0,0,0,0,0,0,0,0,0,0,0,0,0,0,0,0,0,0,0,0,0,0,0,0,0,0,0,0,0,0,0,0,0,0,0,0,0,0,0,0,0,0,0,0,0,0,0,0,0,0,0,0,0,0,0,0,0,0,0,0,0,0,0,0,Data Engineer
3895540929,Nordstrom,Credit Data Analyst 3 (Remote),"Centennial, CO",4+ years,Bachelor's Degree,FULL_TIME,31,0,1,0,0,0,0,0,1,0,0,0,0,0,0,2,0,2,0,0,0,1,0,0,1,0,0,0,0,1,0,0,0,0,0,0,0,0,1,0,0,0,0,0,0,0,0,0,0,1,0,0,0,0,0,0,1,0,0,1,0,0,0,0,0,0,0,0,0,1,0,1,0,0,0,0,0,0,0,0,0,0,0,0,0,0,0,0,0,0,0,0,0,0,0,0,Data Analyst
3886895482,Spectrum,Business Analyst,"Stamford, CT",2 years or more,Bachelor's degree in business or related field,FULL_TIME,9,0,0,0,0,0,0,0,0,0,0,0,0,0,0,0,0,0,0,0,0,0,0,0,1,0,0,0,0,0,0,0,0,0,0,0,0,0,0,0,0,0,0,0,0,0,0,0,0,0,0,0,0,0,0,0,0,0,0,0,0,0,0,0,0,0,0,0,0,0,0,0,0,0,0,0,0,0,0,0,0,0,0,0,0,0,0,0,0,0,0,0,0,0,0,0,Business Analyst
3902782727,Capital One,Business Manager - Workplace Analytics,"McLean, VA",2+ years,Bachelor's Degree,FULL_TIME,60,0,0,0,0,0,0,0,1,0,0,0,0,0,0,1,0,1,0,0,0,0,0,0,1,0,0,0,0,1,0,0,0,0,0,0,0,0,0,0,0,0,0,0,0,0,0,0,0,0,0,0,0,0,0,0,0,0,0,0,0,0,0,0,0,0,0,0,0,0,0,0,0,0,0,0,0,0,0,0,0,0,0,0,0,0,0,0,0,0,0,0,0,0,0,0,Other
3905210827,micro1,Machine Learning Engineer,"Mountain View, CA",,,FULL_TIME,18,0,0,0,0,0,0,0,0,0,0,0,0,0,0,0,0,0,0,0,0,0,0,0,1,0,0,0,0,0,0,0,0,0,0,0,0,0,0,0,0,0,0,0,0,0,0,0,0,0,0,0,0,0,0,0,0,0,0,0,0,0,0,0,0,0,0,0,0,0,0,0,0,0,0,0,0,0,0,0,0,0,0,0,0,0,0,0,0,0,0,0,0,0,0,0,AI / ML Engineer
3902760382,Citi,HR Delivery - Governance & Analytics Manager,"Tampa, FL",6-10 years,Bachelor's degree/University degree or equivalent experience,FULL_TIME,48,0,0,0,0,0,0,0,1,0,0,0,0,0,0,1,0,1,0,0,0,0,0,0,1,0,0,0,0,1,0,0,0,0,0,0,0,0,0,0,0,0,0,0,0,0,0,0,0,0,0,0,0,0,0,0,0,0,0,0,0,0,0,0,0,0,0,0,0,0,0,0,0,0,0,0,0,0,0,0,0,0,0,0,0,0,0,0,0,0,0,0,0,0,0,0,Other
3894861605,Above Lending,Business Analytics Associate,"Chicago, IL",,Bachelor's or Master's degree,FULL_TIME,18,0,1,0,0,0,0,0,1,0,0,0,1,0,0,3,0,2,0,0,1,1,0,1,1,0,0,0,0,0,0,0,0,0,0,0,0,0,1,0,0,0,0,0,0,0,0,0,0,1,0,0,0,0,0,0,1,0,0,1,0,0,0,0,0,0,0,0,0,0,0,1,0,0,0,0,0,0,0,0,0,0,0,0,0,0,0,0,0,0,0,1,0,0,0,0,Other
3902814236,Nebula,Data Scientist,United States,,Bachelor's Degree,CONTRACT,11,0,0,0,0,0,0,0,0,0,0,0,0,0,0,0,0,0,0,0,0,0,0,0,1,0,0,0,0,0,0,0,0,0,0,0,0,0,0,0,0,0,0,0,0,0,0,0,0,0,0,0,0,0,0,0,0,0,0,0,0,0,0,0,0,0,0,0,0,0,0,0,0,0,0,0,0,0,0,0,0,0,0,0,0,0,0,0,0,0,0,0,0,0,0,0,Data Scientist
3905300309,Westlake,Analyst Sr.-Functional (Project Manager/ Business Analyst),"Houston, TX",7+ years,College Degree,FULL_TIME,28,0,0,0,0,0,0,0,0,0,0,0,0,0,0,0,0,0,0,0,0,0,0,0,1,0,0,0,0,0,0,0,0,0,0,0,0,0,0,0,0,0,0,0,0,0,0,0,0,0,0,0,0,0,0,0,0,0,0,0,0,0,0,0,0,0,0,0,0,0,0,0,0,0,0,0,0,0,0,0,0,0,0,0,0,0,0,0,0,0,0,0,0,0,0,0,Business Analyst
3901387962,Stealth Startup,Machine Learning Engineer - GenAI,United States,2+ years,,FULL_TIME,0,0,0,0,0,0,0,0,0,0,0,0,0,0,0,0,0,0,0,0,0,0,0,0,0,0,0,0,0,0,0,0,0,0,0,0,0,0,0,0,0,0,0,0,0,0,0,0,0,0,0,0,0,0,0,0,0,0,0,0,0,0,0,0,0,0,0,0,0,0,0,0,0,0,0,0,0,0,0,0,0,0,0,0,0,0,0,0,0,0,0,0,0,0,0,0,AI / ML Engineer
3901343732,"REV Group, Inc",D365 Finance & Operations IT Sr. Business Analyst - Finance,"Ocala, FL",6+ years,"Bachelor's Degree of Business Administration, Computer Science, Accounting, Management Information Systems or equivalent experience",FULL_TIME,27,0,0,0,0,0,0,0,0,0,0,0,0,0,0,0,0,0,0,0,0,0,0,1,1,1,0,1,1,1,0,1,1,0,1,1,0,0,1,0,1,1,1,1,1,0,1,1,0,0,1,0,0,0,0,0,1,1,1,0,1,0,0,0,0,0,1,0,1,1,0,1,0,1,0,1,1,0,0,1,0,0,0,0,1,0,1,0,1,0,1,0,1,1,0,0,Business Analyst
3903844013,Florida Blue,Telesales Business Analyst,United States,2+ years,Bachelor's Degree,FULL_TIME,14,0,0,0,0,0,0,0,0,0,0,0,0,0,0,0,0,0,0,0,0,0,0,0,1,0,0,0,0,0,0,0,0,0,0,0,0,0,0,0,0,0,0,0,0,0,0,0,0,0,0,0,0,0,0,0,0,0,0,0,0,0,0,0,0,0,0,0,0,0,0,0,0,0,0,0,0,0,0,0,0,0,0,0,0,0,0,0,0,0,0,0,0,0,0,0,Business Analyst
3894207377,USAA,Data Scientist (Intermediate),"Tampa, FL",2 years,Bachelor's Degree,FULL_TIME,20,0,0,0,0,1,0,0,0,0,0,0,0,0,0,1,0,0,1,0,0,0,0,0,1,0,0,0,0,0,0,0,0,0,0,0,0,0,0,0,0,0,0,0,0,0,0,0,0,0,0,0,0,0,0,0,0,0,0,0,0,0,0,0,0,0,0,0,0,0,0,0,0,0,0,0,0,0,0,0,0,0,0,0,0,0,0,0,0,0,0,0,1,0,0,0,Data Scientist
3900961567,Proliance Consulting,Business Systems Analyst (Exstream Developer),United States,Experience with OpenText Exstream customer communication management,,CONTRACT,9,0,0,0,0,0,0,0,0,0,0,0,0,0,0,0,0,0,0,0,0,1,0,0,1,0,0,0,0,0,0,0,0,0,0,0,0,0,1,0,0,0,0,0,0,0,0,0,0,1,0,0,0,0,0,0,1,0,0,1,0,0,0,0,0,0,0,0,0,0,0,1,0,0,0,0,0,0,0,0,0,0,0,0,0,0,0,0,0,0,0,0,0,0,0,0,Business Analyst
3899523948,"Aptino, Inc.",Digital Marketing - Business Analyst,"Middletown, PA",07 month,,CONTRACT,15,0,0,0,0,0,0,0,0,0,0,0,0,0,1,1,1,0,0,0,0,0,0,0,1,0,0,0,0,0,0,0,0,0,0,0,0,0,0,0,0,0,0,0,0,0,0,0,0,0,0,0,0,0,0,0,0,0,0,0,0,0,0,0,0,0,0,0,0,0,0,0,0,0,0,0,0,0,0,0,0,0,0,0,0,0,0,0,0,0,0,0,0,0,0,0,Business Analyst
3904970171,Auburn University,IT Business Analyst/Senior IT Business Analyst,"Auburn, AL",5+ years,Bachelor's Degree,FULL_TIME,22,0,0,0,0,0,0,0,0,0,0,0,0,0,0,0,0,0,0,0,0,0,0,0,1,0,0,0,0,0,0,0,0,0,0,0,0,0,0,0,0,0,0,0,0,0,0,0,0,0,0,0,0,0,0,0,0,0,0,0,0,0,0,0,0,0,0,0,0,0,0,0,0,0,0,0,0,0,0,0,0,0,0,0,0,0,0,0,0,0,0,0,0,0,0,0,Business Analyst
3904392573,"IDR, Inc.",Business Systems Analyst,"Addison, TX",3+ years,,FULL_TIME,9,0,0,0,0,0,0,0,0,0,0,0,0,0,0,0,0,0,0,0,0,0,0,0,1,0,0,0,0,0,0,0,0,0,0,0,0,0,0,0,0,0,0,0,0,0,0,0,0,0,0,0,0,0,0,0,0,0,0,0,0,0,0,0,0,0,0,0,0,0,0,0,0,0,0,0,0,0,0,0,0,0,0,0,0,0,0,0,0,0,0,0,0,0,0,0,Business Analyst
3891073730,Gilead Sciences,Business Analyst (only USC or GC),"Foster City, CA",5 years,Bachelor's Degree,CONTRACT,7,0,0,0,0,0,0,0,0,0,0,0,0,0,0,0,0,0,0,0,0,0,0,0,1,0,0,0,0,0,0,0,0,0,0,0,0,1,0,0,0,0,0,0,0,0,0,0,0,0,0,0,0,0,0,0,0,0,0,0,0,0,0,0,0,0,0,0,0,0,0,0,0,0,0,0,0,0,0,0,0,0,0,0,0,0,0,0,0,0,0,0,0,0,0,0,Business Analyst
3901950666,CARFAX,Product Data Analyst,"Centreville, VA",Product owner or business analyst experience,BA/BS preferred,FULL_TIME,13,0,0,0,0,0,0,0,0,0,0,0,0,0,1,1,1,0,0,0,0,0,0,0,1,0,0,0,0,0,0,0,0,0,0,0,0,0,0,0,0,0,0,0,0,0,0,0,0,0,0,0,0,0,0,0,0,0,0,0,0,0,0,0,0,0,0,0,0,0,0,0,0,0,0,0,0,0,0,0,0,0,0,0,0,0,0,0,0,0,0,0,0,0,0,0,Data Analyst
3903844602,Raymond James,"Director, People Analytics (Remote)","St Petersburg, FL",10+ years,Bachelor's Degree,FULL_TIME,15,0,0,0,0,0,0,0,1,0,0,0,0,0,0,1,0,1,0,0,0,0,0,0,1,0,0,0,0,1,0,0,0,0,0,0,0,0,0,0,0,0,0,0,0,0,0,0,0,0,0,0,0,0,0,0,0,0,0,0,0,0,0,0,0,0,0,0,0,0,0,0,0,0,0,0,0,0,0,0,0,0,0,0,0,0,0,0,0,0,0,0,0,0,0,0,Other
3898172866,Experis,Data Analyst II,"Alameda, CA",3-5 years,"Bachelor's Degree in Data Analytics, Statistics, Computer Science, or Mathematics",CONTRACT,22,0,0,0,0,0,1,0,3,0,0,0,0,0,0,2,0,3,1,0,0,0,0,0,1,0,0,0,0,1,0,0,0,0,0,0,0,0,0,0,0,0,0,1,0,0,0,0,0,0,0,0,1,0,0,0,0,0,0,0,0,0,0,0,0,0,0,0,0,0,0,0,0,0,0,0,0,0,0,0,0,0,0,0,0,0,1,0,0,0,0,0,0,1,0,0,Data Analyst
3902738281,Fidelity Investments,"Senior Business Analyst, Technology Service Management","Merrimack, NH",3+ years,Bachelor's degree or equivalent,FULL_TIME,8,0,0,0,0,0,0,0,0,0,0,0,0,0,0,0,0,0,0,0,0,0,0,0,1,0,0,0,0,0,0,0,0,0,0,0,0,0,0,0,0,0,0,0,0,0,0,0,0,0,0,0,0,0,0,0,0,0,0,0,0,0,0,0,0,0,0,0,0,0,0,0,0,0,0,0,0,0,0,0,0,0,0,0,0,0,0,0,0,0,0,0,0,0,0,0,Business Analyst
3901908139,Pop-Up Talent,Senior Backend AI Engineer,"Truckee, CA",,,FULL_TIME,22,0,1,0,0,3,0,0,0,1,0,0,0,0,0,3,0,1,3,1,0,1,0,0,1,0,0,0,0,0,1,0,0,0,0,0,0,0,1,0,0,0,0,0,0,0,0,0,0,1,0,0,0,0,0,0,1,0,0,1,0,0,0,0,1,0,0,0,0,0,0,1,0,0,0,0,0,0,0,0,0,0,0,0,0,0,0,0,0,0,0,0,0,0,1,1,AI / ML Engineer
3901392844,Vaco,Sr. Data Engineer,"Tampa, FL",5+ years,,FULL_TIME,27,0,1,0,2,0,0,0,2,2,0,0,0,0,0,4,0,3,0,4,0,1,0,0,1,0,0,0,0,1,1,0,0,0,0,0,0,0,1,0,0,0,0,0,0,0,0,0,0,0,0,0,0,0,0,0,1,1,0,0,0,0,0,0,0,0,0,0,0,1,0,0,0,0,0,0,0,0,0,0,0,0,0,0,0,0,0,0,0,0,0,0,0,0,0,0,Data Engineer
3902356904,Thoughtwave Software and Solutions,Data Engineer,Dallas-Fort Worth Metroplex,10+ years,"Bachelor's degree (BS/BA) in Information Systems, Software Engineering, Computer Science, Data Engineering, or related field",CONTRACT,24,2,1,1,1,1,0,0,1,1,1,0,0,0,0,8,1,2,3,2,1,1,1,1,1,1,1,1,1,1,1,1,1,1,1,1,0,1,1,0,1,1,1,1,1,0,1,1,1,0,1,1,0,0,0,0,1,1,1,0,1,1,0,1,0,0,1,0,1,1,0,1,0,1,0,1,1,0,0,1,0,0,0,0,1,0,1,0,1,0,1,0,1,1,0,0,Data Engineer
3904986169,"American Unit, Inc",Sr. Business Analyst,"Brentwood, TN",10+ Years,,CONTRACT,1,0,1,0,0,0,0,0,0,0,0,0,0,0,0,1,0,1,0,0,0,1,0,0,0,0,0,0,0,0,0,0,0,0,0,0,0,0,1,0,0,0,0,0,0,0,0,0,0,1,0,0,0,0,0,0,1,0,0,1,0,0,0,0,0,0,0,0,0,0,0,1,0,0,0,0,0,0,0,0,0,0,0,0,0,0,0,0,0,0,0,0,0,0,0,0,Business Analyst
3905283695,Novo Nordisk,Data Scientist,"Princeton, NJ",6 years,Bachelor’s Degree,FULL_TIME,9,2,1,0,1,0,0,0,0,0,0,0,0,0,0,3,0,1,2,1,0,1,1,1,1,1,0,1,1,1,0,1,1,0,1,1,0,0,1,0,1,1,1,1,1,0,1,1,0,1,1,0,0,0,0,0,1,1,1,1,1,0,0,0,0,0,1,0,1,1,0,1,0,1,0,1,1,0,0,1,0,0,0,0,1,0,1,0,1,0,1,0,1,1,0,0,Data Scientist
3904392124,SAE International,Senior Machine Learning Engineer,"Warrendale, PA",at least 5 years,"Bachelor's or Master's degree in Computer Science, Data Science, or a related field",FULL_TIME,17,1,0,0,0,3,0,1,0,3,1,0,0,0,0,5,0,1,4,3,0,0,1,0,1,0,0,0,0,0,1,1,1,0,1,1,0,1,0,0,1,0,1,0,0,0,0,0,0,0,0,0,0,0,0,0,0,0,0,0,0,1,0,0,0,0,0,0,0,0,0,0,0,0,0,0,0,0,0,0,0,0,0,0,0,0,0,0,0,0,0,0,0,0,0,0,AI / ML Engineer
3902838650,Experis,Sr Data Engineer,"Philadelphia, PA",7-10 years,"Bachelor's degree in Computer Science, Engineering, or related field",CONTRACT,10,0,0,1,1,0,1,1,2,0,0,0,0,0,0,5,1,3,1,1,1,0,0,0,1,1,0,0,0,1,0,0,0,0,1,0,0,1,0,0,0,1,0,1,0,0,0,0,0,0,0,0,0,0,0,0,0,0,0,0,0,0,0,0,0,0,0,0,0,0,0,0,0,0,0,0,0,0,0,0,0,0,0,0,0,0,0,0,0,0,0,0,0,0,0,0,Data Engineer
3901995691,JPMorgan Chase & Co.,Head of Corporate Technology Intelligent Systems Data and Analytics - Senior Principal Data Architect,"Houston, TX",10+ years,Bachelor's degree in Computer Science or related Math or Engineering field,FULL_TIME,7,0,0,0,0,0,0,0,0,0,0,0,0,0,0,0,0,0,0,0,0,0,0,1,1,1,0,1,1,1,0,1,1,0,1,1,0,0,1,0,1,1,1,1,1,0,1,1,0,0,1,0,0,0,0,0,1,1,1,0,1,0,0,0,0,0,1,0,1,1,0,1,0,1,0,1,1,0,0,1,0,0,0,0,1,0,1,0,1,0,1,0,1,1,0,0,Other
3898164992,Robert Half,SAP FICO Business Analyst,"Milwaukee, WI",5+ years,,FULL_TIME,4,0,0,0,0,0,0,0,0,0,0,0,0,0,0,0,0,0,0,0,0,0,0,0,1,0,0,0,0,0,0,0,0,0,0,0,0,0,0,0,0,0,0,0,0,0,0,0,0,0,0,0,0,0,0,0,0,0,0,0,0,0,0,0,0,0,0,0,0,0,0,0,0,0,0,0,0,0,0,0,0,0,0,0,0,0,0,0,0,0,0,0,0,0,0,0,Business Analyst
3891075029,Publicis Sapient,Manager Data Engineering- AWS cloud,"Atlanta, GA",8+ years,,FULL_TIME,16,0,4,0,2,0,0,2,0,0,0,1,0,0,0,4,0,6,0,2,0,1,0,1,1,1,0,1,1,1,0,1,1,0,1,1,0,0,1,0,1,1,1,1,1,0,1,1,0,1,1,0,0,1,0,0,1,1,1,0,1,0,0,0,0,1,1,0,1,1,0,1,0,1,0,1,1,0,0,1,0,0,0,0,1,0,1,0,1,0,1,0,1,1,0,0,Data Engineer
3903807162,Capital One,"Senior Associate, Data Scientist - Model Risk Office","New York, NY","at least 1 year of experience in open source programming languages for large scale data analysis, at least 1 year of experience with machine learning, at least 1 year of experience with relational databases","Bachelor’s Degree plus 2 years of experience in data analytics, or Master’s Degree, or PhD",FULL_TIME,17,2,1,0,1,1,0,1,0,0,0,0,0,0,0,5,0,2,3,1,0,1,1,1,1,1,0,1,1,1,0,1,1,0,1,1,0,1,1,0,1,1,1,1,1,0,1,1,0,1,1,0,0,0,0,0,1,1,1,1,1,0,1,0,0,0,1,0,1,1,0,1,0,1,0,1,1,0,0,1,0,0,0,0,1,0,1,0,1,0,1,0,1,1,0,0,Data Scientist
3887499919,Mission Staffing,Regulatory Reporting Analyst,"Houston, TX",at least five years,,FULL_TIME,3,0,0,0,0,0,0,0,0,0,0,0,1,0,0,1,0,0,0,0,1,0,0,1,1,0,0,0,0,0,0,0,0,0,0,0,0,0,0,0,0,0,0,0,0,0,0,0,0,0,0,0,0,0,0,0,0,0,0,0,0,0,0,0,0,0,0,0,0,0,0,0,0,0,0,0,0,0,0,0,0,0,0,0,0,0,0,0,0,0,0,0,0,0,0,0,Other
3905395157,R.J. O'Brien,Senior Business Analyst,Greater Chicago Area,8 years,,FULL_TIME,3,0,0,0,0,0,0,0,0,0,0,0,0,0,0,0,0,0,0,0,0,0,0,0,1,0,0,0,0,0,0,0,0,0,0,0,0,0,0,0,0,0,0,0,0,0,0,0,0,0,0,0,0,0,0,0,0,0,0,0,0,0,0,0,0,0,0,0,0,0,0,0,0,0,0,0,0,0,0,0,0,0,0,0,0,0,0,0,0,0,0,0,0,0,0,0,Business Analyst
3894206499,USAA,Data Scientist (Intermediate),"Colorado Springs, CO",2 years,Bachelor's degree,FULL_TIME,11,2,2,0,0,0,0,1,0,0,0,0,0,0,0,4,0,3,2,0,0,1,1,1,1,1,0,1,1,1,0,1,1,0,1,1,0,0,1,0,1,1,1,1,1,0,1,1,0,1,1,0,0,0,0,0,1,1,1,1,1,0,0,0,0,0,1,0,1,1,0,1,1,1,0,1,1,0,0,1,0,0,0,0,1,0,1,0,1,0,1,0,1,1,0,0,Data Scientist
3903472486,"FUJIFILM Cellular Dynamics, Inc",Data Scientist,"Madison, WI",3 years of relevant professional experience,"Master’s degree in Bioinformatics, Biostatistics, Computer Science or related field of study, or bachelor’s degree in Bioinformatics, Biostatistics, Computer Science or related field of study + 2 years of relevant experience",FULL_TIME,17,2,1,0,0,0,0,0,0,0,0,0,0,0,0,2,0,1,2,0,0,1,1,1,1,1,0,1,1,1,0,1,1,0,1,1,0,0,1,0,1,1,1,1,1,0,1,1,0,1,1,0,0,0,0,0,1,1,1,0,1,0,0,0,0,0,1,0,1,1,0,1,0,1,0,1,1,0,0,1,0,0,0,0,1,0,1,0,1,0,1,0,1,1,0,0,Data Scientist
3904955115,ICE,Senior Business Analyst,"Atlanta, GA",3+ years,"BS degree in technology, engineering, or equivalent experience",FULL_TIME,12,0,1,0,0,0,0,0,0,0,0,0,0,0,0,1,0,1,0,0,0,1,0,1,1,1,0,1,1,1,0,1,1,0,1,1,0,0,1,0,1,1,1,1,1,0,1,1,0,1,1,0,0,0,0,0,1,1,1,1,1,0,0,0,0,0,1,0,1,1,0,1,0,1,0,1,1,0,0,1,0,0,0,0,1,0,1,0,1,0,1,0,1,1,0,0,Business Analyst
3902781837,Capital One,"Senior Machine Learning Engineer (Python, PySpark, SQL)","New York, NY","At least 4 years of experience programming with Python, Scala, or Java",Bachelor’s degree,FULL_TIME,10,1,1,0,0,4,0,1,0,0,0,0,0,0,0,4,0,2,5,0,0,1,1,1,1,1,0,1,1,1,0,1,1,0,1,1,0,0,1,0,1,1,1,1,1,0,1,1,0,1,1,0,0,0,0,1,1,1,1,1,1,0,0,0,0,0,1,0,1,1,0,1,0,1,0,1,1,0,0,1,0,0,0,0,1,0,1,0,1,0,1,0,1,1,0,0,AI / ML Engineer
3889734996,TELUS International AI Data Solutions,Online Data Analyst,"Frisco, TX",,,CONTRACT,4,0,0,0,0,0,0,0,0,0,0,0,0,0,0,0,0,0,0,0,0,0,0,0,1,0,0,0,0,0,0,0,0,0,0,0,0,0,0,0,0,0,0,0,0,0,0,0,0,0,0,0,0,0,0,0,0,0,0,0,0,0,0,0,0,0,0,0,0,0,0,0,0,0,0,0,0,0,0,0,0,0,0,0,0,0,0,0,0,0,0,0,0,0,0,0,Data Analyst
3904950219,Dice,"Senior Staff Machine Learning Engineer, Applied Science","San Francisco, CA",8+ years,"MS/PhD in Computer Science, ML, NLP, Statistics, Information Sciences or related field",FULL_TIME,9,1,0,0,0,2,0,0,0,0,0,0,0,1,0,3,1,0,3,0,0,0,1,0,1,0,0,0,0,0,0,1,1,0,0,0,0,0,0,0,0,0,0,0,0,0,0,0,0,0,0,0,0,0,0,0,0,0,0,0,0,0,0,0,0,0,0,0,0,0,0,0,0,0,0,0,0,0,0,0,0,0,0,0,0,0,0,0,0,0,0,0,0,0,0,0,AI / ML Engineer
3891074608,Parallel,Senior Data Analyst,United States,2-3 years,,FULL_TIME,5,1,1,0,0,0,0,0,0,0,0,0,0,0,0,2,0,1,1,0,0,1,1,0,1,0,0,0,0,0,0,0,0,0,0,0,0,0,1,0,0,0,0,0,0,0,0,0,0,1,0,0,0,0,0,0,1,0,0,1,0,0,0,0,0,0,0,0,0,1,0,1,0,0,0,0,0,0,0,0,0,0,0,0,0,0,0,0,0,0,0,0,0,0,0,0,Data Analyst
3904952791,University of Colorado,IT Business Analyst,"Denver, CO",Three (3) years of business and/or technical analysis experience,Bachelor’s degree from an accredited institution of higher education,FULL_TIME,2,0,1,0,0,0,0,0,0,0,0,0,1,0,0,2,0,1,0,0,1,1,0,1,1,0,0,0,0,0,0,0,0,0,0,0,0,0,1,0,0,0,0,0,0,0,0,0,0,1,0,0,0,0,0,0,1,0,0,1,0,0,0,0,0,0,0,0,0,0,0,1,0,0,0,0,0,0,0,0,0,0,0,0,0,0,0,0,0,0,0,0,0,0,0,0,Business Analyst
3905885197,Dice,Adobe Data Engineer || Remote,United States,,,FULL_TIME,12,1,1,0,2,0,0,1,0,0,0,0,0,0,0,4,0,2,1,2,0,1,1,1,1,1,0,1,1,1,0,1,1,0,1,1,0,0,1,0,1,1,1,1,1,0,1,1,0,0,1,0,0,0,0,0,1,1,1,0,1,0,0,0,0,1,1,0,1,1,0,1,0,1,0,1,1,0,0,1,0,0,0,0,1,0,1,0,1,0,1,0,1,1,0,0,Data Engineer
3901393644,DataAnnotation,Data Analyst,"Santa Clara, CA",,A bachelor's degree (completed or in progress),CONTRACT,6,1,1,0,0,0,0,0,0,0,0,0,0,0,0,2,0,1,1,0,0,1,1,0,1,0,0,0,0,0,0,0,0,0,0,0,0,0,1,0,0,0,0,0,0,0,0,0,0,1,0,0,0,0,0,0,1,0,0,1,0,0,0,0,0,0,0,0,0,0,0,1,0,0,0,0,0,0,0,0,0,0,0,0,0,0,0,0,0,0,0,0,0,0,0,0,Data Analyst
3884435023,TeamSoft,Senior Business Systems Analyst,"Downers Grove, IL",6 years,Bachelor of Science in Computer Science,FULL_TIME,10,0,0,0,0,0,0,0,0,0,0,0,0,0,1,1,1,0,0,0,0,0,0,0,1,0,0,0,0,0,0,0,0,0,0,0,0,0,0,0,0,0,0,0,0,0,0,0,0,0,0,0,0,0,0,0,0,0,0,0,0,0,0,0,0,0,0,0,0,0,0,0,0,0,0,0,0,0,0,0,0,0,0,0,0,0,0,0,0,0,0,0,0,0,0,0,Business Analyst
3906078059,hackajob,Business Director of Advanced Analytics,"Durham, NC",8+ years,"Bachelor's or Master’s degree in Data Analytics, Statistics, Mathematics, Marketing or Life Sciences",FULL_TIME,7,2,1,0,0,0,0,0,1,0,0,0,0,1,0,4,1,2,2,0,0,1,1,1,1,1,0,1,1,1,0,1,1,0,1,1,0,0,1,1,1,1,1,1,1,0,1,1,0,1,1,0,0,0,0,0,1,1,1,1,1,0,0,0,0,0,1,0,1,1,0,1,0,1,0,1,1,0,0,1,0,0,0,0,1,0,1,0,1,0,1,0,1,1,0,0,Other
3903835855,Riverbed Technology,Senior AI Engineer,"North Carolina, United States",,"Bachelors or Master's degree in Computer Science, Artificial Intelligence, Engineering, or a related field",FULL_TIME,10,1,0,0,1,0,1,0,0,0,0,0,0,0,0,3,0,0,2,1,0,0,1,0,1,0,0,0,0,0,0,0,0,0,0,0,0,0,0,0,0,0,0,1,0,0,1,0,0,0,0,0,0,0,0,0,0,0,0,0,0,0,0,0,0,0,1,0,0,0,0,0,0,0,0,0,0,0,0,0,0,0,0,0,0,0,0,0,0,0,0,0,0,0,0,0,AI / ML Engineer
3887104313,Selby Jennings,"Senior Data Engineer (Azure, Python, SQL)","Boston, MA",2-5 YOE in programming with SQL and Python,Bachelor’s Degree in Computer Science,FULL_TIME,6,1,1,0,0,0,0,0,0,0,0,0,0,0,0,2,0,1,1,0,0,1,1,0,1,0,0,0,0,0,0,0,0,0,0,0,0,0,1,0,0,0,0,0,0,0,0,0,0,1,0,0,0,0,0,0,1,0,0,1,0,0,0,0,0,0,0,0,0,0,0,1,0,0,0,0,0,0,0,0,0,0,0,0,0,0,0,0,0,0,0,0,0,0,0,0,Data Engineer
3901353172,Sumeru Inc,Lead Data Engineer,"Atlanta, GA",15+ years,,CONTRACT,7,0,0,0,2,0,0,0,0,0,0,0,0,0,0,2,0,0,0,2,0,0,0,0,1,0,0,0,1,0,0,0,0,1,0,0,0,0,0,0,0,0,0,0,0,0,0,0,0,0,0,0,0,0,0,0,0,0,0,0,0,0,0,0,0,0,0,0,0,0,0,0,0,0,0,0,0,0,0,0,0,0,0,0,0,0,0,0,0,0,0,0,0,0,0,0,Data Engineer
3904955360,Motion Recruitment,Support Data Engineer,"Tampa, FL",4+ years of experience as a Data Engineer,,CONTRACT,10,1,2,0,0,0,0,0,0,0,0,0,0,0,0,2,0,2,1,0,0,1,1,0,1,0,0,0,0,0,0,0,0,0,0,0,0,0,0,0,0,0,0,0,0,0,0,0,0,0,0,0,0,0,0,0,0,0,0,1,0,0,0,0,0,0,0,0,0,0,0,0,0,0,0,0,0,0,0,0,0,0,0,0,0,0,0,0,0,0,0,0,0,0,0,0,Data Engineer
3905611091,FreeWheel,Sr Machine Learning Engineer,"Reston, VA",5-7 Years,Bachelor's Degree,FULL_TIME,4,0,0,0,0,0,0,0,0,0,0,0,0,0,0,0,0,0,0,0,0,0,0,0,1,0,0,0,0,0,0,0,0,0,0,0,0,0,0,0,0,0,0,0,0,0,0,0,0,0,0,0,0,0,0,0,0,0,0,0,0,0,0,0,0,0,0,0,0,0,0,0,0,0,0,0,0,0,0,0,0,0,0,0,0,0,0,0,0,0,0,0,0,0,0,0,AI / ML Engineer
3903870462,Central Point Partners,"Data Science Reporting Analyst  in Columbus, OH","Columbus, OH",3 years,Master's degree or Bachelor's degree,CONTRACT,15,2,0,2,0,0,0,0,0,0,0,0,0,2,0,3,4,0,2,0,2,0,1,1,1,1,1,1,1,1,0,1,1,0,1,1,0,0,1,0,1,1,1,1,1,0,1,1,0,0,1,0,0,0,0,0,1,1,1,0,1,0,0,0,0,0,1,0,1,1,0,1,0,1,0,1,1,0,0,1,0,0,0,0,1,0,1,0,1,0,1,0,1,1,0,0,Other
3903435357,"DataStaff, Inc.",Business Analyst,"Des Moines, IA",10 Years,,CONTRACT,4,0,0,0,0,0,0,0,0,0,0,0,0,0,0,0,0,0,0,0,0,0,0,0,1,0,0,0,0,0,0,0,0,0,0,0,0,0,0,0,0,0,0,0,0,0,0,0,0,0,0,0,0,0,0,0,0,0,0,0,0,0,0,0,0,0,0,0,0,0,0,0,0,0,0,0,0,0,0,0,0,0,0,0,0,0,0,0,0,0,0,0,0,0,0,0,Business Analyst
3904388514,Health Care Service Corporation,Data Analyst,"Richardson, TX","2 years experience in data analysis and/or preparing database reports, 2 years experience in MS Access and MS Excel, Project management experience, Systems database testing experience",Bachelor Degree in Math or Data Information Systems,FULL_TIME,4,0,0,1,0,0,0,0,0,0,0,0,1,0,0,2,1,0,0,0,2,0,0,1,1,1,0,0,0,0,0,0,0,0,0,0,0,0,0,0,0,0,0,0,0,0,0,0,0,0,0,0,0,0,0,0,0,0,0,0,0,0,0,0,0,0,0,0,0,0,0,0,0,0,0,0,0,0,0,0,0,0,0,0,0,0,0,0,0,0,0,0,0,0,0,0,Data Analyst
3894947661,Complete Staffing Solutions,Business Analyst,"New York, NY",2-5 years,"Bachelor’s or Master’s degree in Engineering, Computer Science or Business Administration",FULL_TIME,8,0,1,0,0,0,0,0,1,0,0,0,1,0,0,3,0,2,0,0,1,1,0,1,1,0,0,0,0,0,0,0,0,0,0,0,0,0,1,1,0,0,0,0,0,0,0,0,0,1,0,0,0,0,0,0,1,0,0,1,0,0,0,0,0,0,0,0,0,0,0,1,0,0,0,0,0,0,0,0,0,0,0,0,0,0,0,0,0,0,0,0,0,0,0,0,Business Analyst
3902351966,V2Soft,Data Engineer,"Auburn Hills, MI",2+ years,"Bachelor’s degree in information technology, Computer Science, Applied Math, Statistics, Data Analytics, Data Science, or a related field",CONTRACT,8,1,1,0,0,0,0,0,0,0,0,0,0,0,0,2,0,1,1,0,0,1,1,0,1,0,0,0,0,0,0,0,0,0,0,0,0,0,1,0,0,0,0,0,0,0,0,0,0,1,0,0,0,0,0,0,1,0,0,1,0,0,0,0,0,0,0,0,0,0,0,1,0,0,0,0,0,0,0,0,0,0,0,0,0,0,0,0,0,0,0,0,0,0,0,0,Data Engineer
3887490958,CGI,Business Analyst Communications Consultant,"Lebanon, VA",,,FULL_TIME,0,0,0,0,0,0,0,0,0,0,0,0,0,0,0,0,0,0,0,0,0,0,0,0,0,0,0,0,0,0,0,0,0,0,0,0,0,0,0,0,0,0,0,0,0,0,0,0,0,0,0,0,0,0,0,0,0,0,0,0,0,0,0,0,0,0,0,0,0,0,0,0,0,0,0,0,0,0,0,0,0,0,0,0,0,0,0,0,0,0,0,0,0,0,0,0,Business Analyst
3904948162,Apex Systems,Sr Data Engineer,"San Antonio, TX",10+ years,Bachelor’s Degree,FULL_TIME,9,1,1,0,2,0,0,0,0,0,0,0,0,0,0,3,0,1,1,2,0,1,1,1,1,1,0,1,1,1,0,1,1,0,1,1,0,0,1,0,1,1,1,1,1,0,1,1,0,1,1,0,0,0,0,0,1,1,1,1,1,0,0,0,0,0,1,0,1,1,0,1,0,1,0,1,1,0,0,1,0,0,0,0,1,0,1,0,1,0,1,0,1,1,0,0,Data Engineer
3904944214,TELUS International,Online Data Analyst,"Brownsville, TX",,,PART_TIME,3,0,0,0,0,0,0,0,0,0,0,0,0,0,0,0,0,0,0,0,0,0,0,0,1,0,0,0,0,0,0,0,0,0,0,0,0,0,0,0,0,0,0,0,0,0,0,0,0,0,0,0,0,0,0,0,0,0,0,0,0,0,0,0,0,0,0,0,0,0,0,0,0,0,0,0,0,0,0,0,0,0,0,0,0,0,0,0,0,0,0,0,0,0,0,0,Data Analyst
3904570046,will bank,[FINANCE] Business Analytics,United States,,,FULL_TIME,7,1,1,3,0,0,0,0,0,0,0,0,1,0,0,4,3,1,1,0,4,1,1,1,1,1,1,1,1,1,0,1,1,0,1,1,0,0,1,0,1,1,1,1,1,0,1,1,0,1,1,0,0,0,0,0,1,1,1,1,1,0,0,0,0,0,1,0,1,1,0,1,0,1,0,1,1,0,0,1,0,0,0,0,1,0,1,0,1,0,1,0,1,1,0,0,Other
3887716629,Vericast,Senior Staff Data Scientist (Remote),"Austin, TX",8 - 10 years,Bachelor's Degree in a quantitative discipline,FULL_TIME,7,1,0,0,0,0,0,1,0,0,0,0,0,0,0,2,0,1,1,0,0,0,1,0,1,0,0,1,0,0,0,0,0,0,0,0,0,0,0,0,0,0,0,0,0,0,0,0,0,0,0,0,0,0,0,0,0,0,0,0,0,0,0,0,0,0,0,0,0,0,0,0,0,0,0,0,0,0,0,0,0,0,0,0,0,0,0,0,0,0,0,0,0,0,0,0,Data Scientist
3900967072,PCS Wireless,Business Intelligence Analyst,"Florham Park, NJ",3+ years,"Bachelor’s degree in Computer Science, Information Systems, Statistics, Mathematics, or a related field",PART_TIME,7,1,1,1,0,0,0,1,0,0,0,0,0,0,0,4,1,2,1,0,1,1,1,0,1,1,0,1,0,0,0,0,0,0,0,0,0,0,1,0,0,0,0,0,0,0,0,0,0,1,0,0,0,0,0,0,1,0,0,1,0,0,0,0,0,0,0,0,0,0,0,1,0,0,0,0,0,0,0,0,0,0,0,0,0,0,0,0,0,0,0,0,0,0,0,0,Business Analyst
3891072371,WalkWater Technologies,Junior Data Analyst (Logistics),"Austin, TX",1 – 2 years,,CONTRACT,3,0,0,0,0,0,0,0,1,0,0,0,1,0,0,2,0,1,0,0,1,0,0,1,1,0,0,0,0,0,0,0,0,0,0,0,0,0,0,1,0,0,0,0,0,0,0,0,0,0,0,0,0,0,0,0,0,0,0,0,0,0,0,0,0,0,0,0,0,0,0,0,0,0,0,0,0,0,0,0,0,0,0,0,0,0,0,0,0,0,0,0,0,0,0,0,Data Analyst
3901694555,EY,Analytics & Data Management - Supply Chain Sector - Senior Manager - Consulting - Location OPEN,"New York, NY",A minimum of eight years’ experience in providing complex consultative services,A bachelor's degree and approximately eight years of related work experience; or a graduate degree and approximately five years of related work experience,FULL_TIME,8,0,1,0,0,0,0,0,0,0,0,0,0,1,0,2,1,1,0,0,0,1,0,1,1,1,0,1,1,1,0,1,1,0,1,1,0,0,1,0,1,1,1,1,1,0,1,1,0,1,1,0,0,0,0,0,1,1,1,1,1,0,0,0,0,0,1,0,1,1,0,1,0,1,0,1,1,0,0,1,0,0,0,0,1,0,1,0,1,0,1,0,1,1,0,0,Other
3905869890,aramco,"Gas Processing AI Engineer-Relocate to Saudi Arabia, Permanent Expat Family Relocation Package","California, United States",10 years,Bachelor's or Master's degree in Chemical Engineering,FULL_TIME,13,1,0,0,0,2,0,0,0,0,0,0,0,0,0,2,0,0,3,0,0,0,1,0,1,0,0,0,0,0,0,1,1,0,0,0,0,0,0,0,0,0,0,0,0,0,0,0,0,0,0,0,0,0,0,0,0,0,0,0,0,0,0,0,0,0,0,0,0,0,0,0,0,0,0,0,0,0,0,0,0,0,0,0,0,0,0,0,0,0,0,0,0,0,0,0,AI / ML Engineer
3905361950,CGI,Business Analyst,"Fairfax, VA","3-5 years of experience with Business Analysis, Requirement Elicitation, writing user stories, and developing agile roadmaps. Minimum of 2+ years of agile experience",,FULL_TIME,3,0,0,0,0,0,0,0,0,0,0,0,0,0,0,0,0,0,0,0,0,0,0,0,1,0,0,0,0,0,0,0,0,0,0,0,0,0,0,0,0,0,0,0,0,0,0,0,0,0,0,0,0,0,0,0,0,0,0,0,0,0,0,0,0,0,0,0,0,0,0,0,0,0,0,0,0,0,0,0,0,0,0,0,0,0,0,0,0,0,0,0,0,0,0,0,Business Analyst
3902360711,Oracle,Oracle Business Intelligence Techno-Functional Consultant,United States,Varied and complex duties and tasks that need independent judgement,"Bachelor’s degree in Computer Science, Computer Engineering, Information Technology or an equivalent engineering/science field",FULL_TIME,19,1,0,2,3,0,0,0,0,2,0,0,0,0,0,4,2,0,1,5,2,0,1,0,1,1,1,0,1,0,0,0,0,0,0,0,0,0,0,0,1,1,1,0,1,0,1,0,0,0,0,0,0,0,0,0,0,0,0,0,0,0,0,0,0,0,1,0,0,1,0,0,0,0,0,0,0,0,0,0,0,0,0,0,0,0,0,0,0,0,0,0,0,0,0,0,Business Analyst
3902783695,WalkWater Technologies,Business Analyst - Supply Chain and Financial,"Milpitas, CA",,,CONTRACT,3,0,0,0,0,0,0,0,0,0,0,0,0,0,0,0,0,0,0,0,0,0,0,0,1,0,0,0,0,0,0,0,0,0,0,0,0,0,0,0,0,0,0,0,0,0,0,0,0,0,0,0,0,0,0,0,0,0,0,0,0,0,0,0,0,0,0,0,0,0,0,0,0,0,0,0,0,0,0,0,0,0,0,0,0,0,0,0,0,0,0,0,0,0,0,0,Business Analyst
3891079268,Encore Talent Solutions,Information Technology Business Analyst,"Cincinnati, OH",3+ years of relevant business analysis experience,,FULL_TIME,7,0,1,0,0,0,0,0,0,0,0,0,0,0,0,1,0,1,0,0,0,1,0,0,1,0,0,0,0,0,0,0,0,0,0,0,0,0,1,0,0,0,0,0,0,0,0,0,0,1,0,0,0,0,0,0,1,0,0,1,0,0,0,0,0,0,0,0,0,0,0,1,0,0,0,0,0,0,0,0,0,0,0,0,0,0,0,0,0,0,0,0,0,0,0,0,Business Analyst
3884823184,"V-Soft Consulting Group, Inc.",Data Engineer (SAP ECC To HANA Migration),"Charlotte, NC",4+ years,,CONTRACT,8,0,1,0,1,0,0,0,0,0,0,0,0,0,0,2,0,1,0,1,0,1,0,1,1,1,0,1,1,1,0,1,1,1,1,1,0,0,1,0,1,1,1,1,1,0,1,1,0,1,1,0,0,0,0,0,1,1,1,1,1,0,0,0,0,0,1,0,1,1,0,1,0,1,0,1,1,0,0,1,0,0,0,0,1,0,1,0,1,0,1,0,1,1,0,0,Data Engineer
3905821286,Plymouth Rock Assurance,Lead Data Scientist,"Woodbridge, NJ",3 or more years,"PhD in economics, statistics, or related field, or Master’s degree in Statistics, Engineering, Mathematics, Economics, or a related field",FULL_TIME,12,2,1,0,0,0,0,0,0,0,0,0,0,1,0,3,1,1,2,0,0,1,1,1,1,1,0,1,1,1,0,1,1,0,1,1,0,0,1,0,1,1,1,1,1,0,1,1,0,1,1,0,0,0,0,0,1,1,1,1,1,0,0,0,0,0,1,0,1,1,0,1,0,1,0,1,1,0,0,1,0,0,0,0,1,0,1,0,1,0,1,0,1,1,0,0,Data Scientist
3902864219,Harris Allied,Business Analyst/QA - Trading Systems,"New York, NY",5+ years,"Bachelor's degree in Computer Science, Management Information Systems, or Engineering",FULL_TIME,2,0,0,0,0,0,0,0,0,0,0,0,0,0,0,0,0,0,0,0,0,0,0,0,1,0,0,0,0,0,0,0,0,0,0,0,0,0,0,0,0,0,0,0,0,0,0,0,0,0,0,0,0,0,0,0,0,0,0,0,0,0,0,0,0,0,0,0,0,0,0,0,0,0,0,0,0,0,0,0,0,0,0,0,0,0,0,0,0,0,0,0,0,0,0,0,Business Analyst
3901678622,Integration International Inc.,Product / business Analyst,United States,2 to 4 years,Bachelor's degree,FULL_TIME,3,1,1,0,0,0,0,0,0,0,0,0,0,0,0,2,0,1,1,0,0,1,1,0,0,0,0,0,0,0,0,0,0,0,0,0,0,0,1,0,0,0,0,0,0,0,0,0,0,1,0,0,0,0,0,0,1,0,0,1,0,0,0,0,0,0,0,0,0,0,0,1,0,0,0,0,0,0,0,0,0,0,0,0,0,0,0,0,0,0,0,0,0,0,0,0,Business Analyst
3889756865,Matlen Silver,Data Analyst/Engineer Techno Functional Analyst (Jersey City) x2,"New Jersey, United States",5-7 years,,CONTRACT,3,0,1,0,0,0,0,1,0,0,0,0,0,0,0,2,0,2,0,0,0,1,0,1,1,1,0,1,1,1,0,1,1,0,1,1,1,0,1,0,1,1,1,1,1,0,1,1,0,1,1,0,0,0,0,0,1,1,1,1,1,0,0,0,0,0,1,0,1,1,0,1,0,1,0,1,1,0,0,1,0,0,0,0,1,0,1,0,1,0,1,0,1,1,0,0,Data Analyst
3906226767,Verizon,Military Fellowship - Data Scientist,"Basking Ridge, NJ",Six or more years,"Bachelor's degree or higher in data science, engineering, or computer science",FULL_TIME,12,1,1,1,0,0,0,0,0,0,0,0,0,0,0,3,1,1,1,0,1,1,1,1,1,1,1,1,1,1,0,1,1,0,1,1,0,0,1,0,1,1,1,1,1,0,1,1,0,1,1,0,0,0,0,0,1,1,1,1,1,0,0,0,0,0,1,0,1,1,0,1,0,1,0,1,1,0,0,1,0,0,0,0,1,0,1,0,1,0,1,0,1,1,0,0,Data Scientist
3887840211,The Hawk Group,Data Engineer,"Anchorage, AK",5+ years,"BS Degree in Computer Science, Math, Engineering, Statistics, Information Systems, Information Science, or related field",FULL_TIME,13,2,1,1,0,0,0,0,0,1,0,0,1,0,0,5,1,1,2,1,2,1,1,1,1,1,0,1,1,1,0,1,1,0,1,1,0,0,1,0,1,1,1,1,1,0,1,1,0,1,1,0,0,0,0,0,1,1,1,1,1,0,0,0,0,0,1,0,1,1,0,1,0,1,0,1,1,0,0,1,0,0,0,0,1,0,1,0,1,0,1,0,1,1,0,0,Data Engineer
3885101852,Ascentt,Data Engineer,"Dallas, TX",Proven experience as a Data Engineer,"Bachelor's or Master's degree in Computer Science, Engineering, or related field",FULL_TIME,14,0,0,0,0,0,0,0,0,2,0,0,0,0,0,1,0,0,0,2,0,0,0,0,1,0,0,0,0,0,1,0,0,0,0,0,0,0,0,0,0,0,1,0,1,0,0,0,0,0,0,0,0,0,0,0,0,0,0,0,0,0,0,0,0,0,0,0,0,0,0,0,0,0,0,0,0,0,0,0,0,0,0,0,0,0,0,0,0,0,0,0,0,0,0,0,Data Engineer
3887920166,USAA,"Director, Decision Science Analytics – Personal Lines Product Intelligence","Phoenix, AZ","8 years of experience in a decision support analytic function OR advanced degree in relevant quantitative discipline, 6 years of experience in a decision support analytic function. 3 years of direct team lead or management experience.","Bachelor's degree in quantitative analytics field such as Economics, Finance, Statistics, Mathematics, Actuarial Sciences, Operations Research, Data and/or Business Analysis, Data Science or other quantitative discipline",FULL_TIME,9,1,1,0,0,0,0,0,0,0,0,0,1,1,0,4,1,1,1,0,1,1,1,1,1,0,0,0,0,0,0,0,0,0,0,0,0,0,1,0,0,0,0,0,0,0,0,0,0,1,0,0,0,0,0,0,1,0,0,1,0,0,0,0,0,0,0,0,0,0,0,1,0,0,0,0,0,0,0,0,0,0,0,0,0,0,0,0,0,0,0,0,0,0,0,0,Other
3902872004,Ledgent Technology,BI Analyst,"Irvine, CA",5-7 years,"Bachelor's degree in a technical field such as computer science, computer engineering or related field",CONTRACT,15,1,1,2,0,0,0,0,0,0,0,2,1,0,0,5,2,1,1,0,3,1,1,1,1,1,0,0,0,0,0,0,0,0,0,0,0,0,1,0,0,0,0,0,0,0,0,0,0,1,1,0,0,0,0,0,1,0,0,1,0,0,0,0,0,0,0,0,0,0,0,1,0,0,0,0,0,0,0,0,0,0,0,0,0,0,0,0,0,0,0,0,0,0,0,0,Business Analyst
3899544343,Vaco,Senior Manager of Talent Acquisition Analytics & Business Intelligence (Direct-Hire / Remote),"Memphis, TN",5+ years of HR / HRIS reporting and analytics experience,,FULL_TIME,2,0,0,1,0,0,0,0,0,0,0,0,0,0,0,1,1,0,0,0,1,0,0,1,1,1,0,1,1,1,0,1,1,0,1,1,0,0,1,0,1,1,1,1,1,0,1,1,0,0,1,0,0,0,0,0,1,1,1,0,1,0,0,0,0,0,1,0,1,1,0,1,0,1,0,1,1,0,0,1,0,0,0,0,1,0,1,0,1,0,1,0,1,1,0,0,Business Analyst
3904092271,maven,Lead Machine Learning Researcher,Greater Chicago Area,1-5 years,"Bachelors, Masters, PhD in a hard science",FULL_TIME,6,1,0,0,0,0,0,0,0,0,0,0,0,0,0,1,0,0,1,0,0,0,1,0,1,0,0,0,0,0,0,0,0,0,0,0,0,0,0,0,0,0,0,0,0,0,0,0,0,0,0,0,0,0,0,0,0,0,0,0,0,0,0,0,0,0,0,0,0,0,0,0,0,0,0,0,0,0,0,0,0,0,0,0,0,0,0,0,0,0,0,0,0,0,0,0,AI / ML Engineer
3887489778,MetLife,Principal AI Engineer (Virtual),United States,"10+ years of experience in full stack engineering, 5+ years of Experience with cloud service providers, 2+ years of experience in applying AI","Bachelor’s Degree in Computer Science, Information Systems, Business Administration, Engineering, or related field",FULL_TIME,13,1,0,0,0,1,2,0,0,0,0,0,0,0,0,3,0,0,4,0,0,0,1,0,1,0,0,0,0,0,0,0,1,0,0,0,0,0,0,0,0,0,0,0,0,0,0,0,0,0,0,0,0,0,0,0,0,0,0,0,0,0,0,0,0,0,0,0,0,0,0,0,0,0,0,0,0,0,0,0,0,0,0,0,0,0,0,0,0,0,0,0,0,0,0,0,AI / ML Engineer
3903442651,TRM Labs,Senior Data Scientist (Advanced Analytics),United States,4+ years,"Advanced degree in a quantitative field such as Computer Science, Statistics, Engineering, Economics or Physics",FULL_TIME,11,1,1,0,0,0,0,0,0,0,1,0,0,0,0,3,0,1,1,0,0,1,1,0,1,0,0,0,0,0,0,0,0,0,0,0,0,1,1,0,0,0,0,0,0,0,0,0,0,1,0,0,0,0,0,0,1,0,0,1,0,1,0,0,0,0,0,0,0,0,0,1,0,0,0,0,0,0,0,0,0,0,0,0,0,0,0,0,0,0,0,0,0,0,0,0,Data Scientist
