title,normalized_role
Academic Analytics & Assessment Associate ,Academic Analytics & Assessment Associate 
Analytics & Data Management - Supply Chain Sector - Senior Manager - Consulting - Location OPEN,Analytics & Data Management - Supply Chain Sector - Senior Manager - Consulting - Location OPEN
HR Delivery - Governance & Analytics Manager,Analytics Manager
Business Intelligence Developer,BI Developer
Analyst Sr.-Functional (Project Manager/ Business Analyst),Business Analyst
Associate Business Systems Analyst,Business Analyst
Business Analyst,Business Analyst
Business Analyst (Hybrid),Business Analyst
Business Analyst (only USC or GC),Business Analyst
Business Analyst - Azure Cloud,Business Analyst
Business Analyst - Finance & Purchasing,Business Analyst
Business Analyst - Supply Chain and Financial,Business Analyst
Business Analyst Communications Consultant,Business Analyst
Business Analyst I,Business Analyst
"Business Analyst I, University Program",Business Analyst
Business Analyst II (UI/UX design) ,Business Analyst
Business Analyst Intern,Business Analyst
Business Analyst Intern - Summer,Business Analyst
Business Analyst for Primary Dealership & FR2004 Reporting Exp ,Business Analyst
"Business Analyst, Retirement & Pension - Consulting",Business Analyst
Business Analyst/QA - Trading Systems,Business Analyst
Business Data Analyst,Business Analyst
Business Systems Analyst,Business Analyst
Business Systems Analyst #: 24-02678,Business Analyst
Business Systems Analyst (Exstream Developer),Business Analyst
Business Systems Analysts ,Business Analyst
CIAM Business Analyst,Business Analyst
Customer Relationship Management Business Analyst,Business Analyst
D365 Finance & Operations IT Sr. Business Analyst - Finance,Business Analyst
Digital Marketing - Business Analyst,Business Analyst
Dynamics 365 Business Analyst (NO CTC) ,Business Analyst
IT Business Analyst,Business Analyst
IT Business Analyst/Senior IT Business Analyst,Business Analyst
Information Technology Business Analyst,Business Analyst
Jr. Technical Business Analyst,Business Analyst
PeopleSoft FSCM - Business Analyst,Business Analyst
Product / business Analyst,Business Analyst
SAP FICO Business Analyst,Business Analyst
Senior Business Analyst,Business Analyst
"Senior Business Analyst, Technology Service Management",Business Analyst
Senior Business Systems Analyst,Business Analyst
Senior IT Business Analyst,Business Analyst
Senior Technical Telecom Vlocity Business Analyst,Business Analyst
ServiceNow Technical Business Systems Analyst,Business Analyst
Sr. Business Analyst,Business Analyst
Sr. Business Analyst - SAP,Business Analyst
Telesales Business Analyst,Business Analyst
Business Analytics Associate,Business Analytics Associate
Business Director of Advanced Analytics,Business Director of Advanced Analytics
BI Analyst,Business Intelligence Analyst
Business Intelligence Analyst,Business Intelligence Analyst
Senior Business Intelligence Analyst,Business Intelligence Analyst
Business Manager - Workplace Analytics,Business Manager - Workplace Analytics
Credit Data Analyst 3 (Remote),Data Analyst
Data Analyst,Data Analyst
Data Analyst - Expert with Excel,Data Analyst
Data Analyst - Financial,Data Analyst
Data Analyst - Remote,Data Analyst
Data Analyst 3,Data Analyst
Data Analyst II,Data Analyst
Data Analyst- Business Intelligence,Data Analyst
Data Analyst-IL,Data Analyst
Data Analyst-NY,Data Analyst
Data Analyst-WA,Data Analyst
Data Analyst/Engineer Techno Functional Analyst (Jersey City) x2,Data Analyst
Junior Data Analyst,Data Analyst
Junior Data Analyst (Logistics),Data Analyst
Loan Transformation Data Analyst ,Data Analyst
Office/Administration - Data Analyst Lv3 #: 24-02340,Data Analyst
Online Data Analyst,Data Analyst
Online Data Analyst | Work From Home,Data Analyst
Product Data Analyst,Data Analyst
Senior Data Analyst,Data Analyst
"Sr. Data Analyst, Programmatic Advertising",Data Analyst
Systems/Data Analyst - SQL/ETL,Data Analyst
Talent Management Consultant / Data Analyst,Data Analyst
Head of Corporate Technology Intelligent Systems Data and Analytics - Senior Principal Data Architect,Data Architect
"(Senior) Bioinformatics Data Engineer, Translational and Quantitative Sciences Data Engineering",Data Engineer
Adobe Data Engineer || Remote,Data Engineer
Data Engineer,Data Engineer
Data Engineer (SAP ECC To HANA Migration),Data Engineer
Data Engineer - USDS,Data Engineer
Data Engineer- AWS (Python/ Airflow/ RDS),Data Engineer
"Director, Data Engineering",Data Engineer
Engineering Manager - Data Engineering,Data Engineer
GCP Data Engineer,Data Engineer
Lead Data Engineer,Data Engineer
Lead Data Engineer (FinOps),Data Engineer
Manager Data Engineering- AWS cloud,Data Engineer
Senior Data Engineer,Data Engineer
"Senior Data Engineer (Azure, Python, SQL)",Data Engineer
Senior Director – Enterprise Data Engineering,Data Engineer
"Senior Software Engineer, Data Engineering - ThousandEyes",Data Engineer
Sr Data Engineer,Data Engineer
Sr. AWS Data Engineer - Hybrid ,Data Engineer
Sr. Data Engineer,Data Engineer
Sr. Data Engineer _ NYC,Data Engineer
Support Data Engineer,Data Engineer
"Data Science Reporting Analyst  in Columbus, OH","Data Science Reporting Analyst  in Columbus, OH"
100% Remote - Data Scientist - Transformers,Data Scientist
Data Scientist,Data Scientist
Data Scientist (Intermediate),Data Scientist
Data Scientist - Transformers - 100% Remote,Data Scientist
Lead Data Scientist,Data Scientist
Military Fellowship - Data Scientist,Data Scientist
NLP Data Scientist - Python | Machine Learning | AI - Hybrid - TS/SCI - Tampa or DC,Data Scientist
Principal Data Scientist (Credit Risk & Decision Science),Data Scientist
"Senior Associate, Data Scientist - Model Risk Office",Data Scientist
Senior Data Scientist (Advanced Analytics),Data Scientist
"Senior Data Scientist, - AI Foundations, Personalization",Data Scientist
Senior Staff Data Scientist (Remote),Data Scientist
Volunteer: Data Scientist,Data Scientist
Director of Analytics,Director of Analytics
"Director, Commercial Operations (capital equipment sales effectiveness, enablement, analytics, excellence) (on-site),","Director, Commercial Operations (capital equipment sales effectiveness, enablement, analytics, excellence) (on-site),"
"Director, Decision Science Analytics – Personal Lines Product Intelligence","Director, Decision Science Analytics – Personal Lines Product Intelligence"
"Director, People Analytics (Remote)","Director, People Analytics (Remote)"
"Engineering Manager, Analytics","Engineering Manager, Analytics"
Global Quality Process Development & Data Analytics Leader,Global Quality Process Development & Data Analytics Leader
Intermediate Analytical Reporting Analyst,Intermediate Analytical Reporting Analyst
Lead Machine Learning Researcher,Lead Machine Learning Researcher
AI Engineer - Deep Learning,Machine Learning Engineer
"Gas Processing AI Engineer-Relocate to Saudi Arabia, Permanent Expat Family Relocation Package",Machine Learning Engineer
Gen AI Engineer,Machine Learning Engineer
Machine Learning Engineer,Machine Learning Engineer
Machine Learning Engineer - GenAI,Machine Learning Engineer
"Machine Learning Engineer, E-Commerce",Machine Learning Engineer
Principal AI Engineer (Virtual),Machine Learning Engineer
Principal Machine Learning Engineer (Remote),Machine Learning Engineer
Senior AI Engineer,Machine Learning Engineer
Senior Backend AI Engineer,Machine Learning Engineer
Senior Generative AI Engineer,Machine Learning Engineer
Senior Machine Learning Engineer,Machine Learning Engineer
"Senior Machine Learning Engineer (Python, PySpark, SQL)",Machine Learning Engineer
"Senior Staff Machine Learning Engineer, Applied Science",Machine Learning Engineer
Sr Machine Learning Engineer,Machine Learning Engineer
Staff Machine Learning Engineer (Customer Identity),Machine Learning Engineer
Machine Learning Team Lead,Machine Learning Team Lead
Manager Resources and Analytics,Manager Resources and Analytics
Manager of Sustainability Reporting & Analytics,Manager of Sustainability Reporting & Analytics
Manager-Talent Acquisition Operations and Analytics,Manager-Talent Acquisition Operations and Analytics
Marketing Business Intelligence Manager,Marketing Business Intelligence Manager
Oracle Business Intelligence Consultant,Oracle Business Intelligence Consultant
Oracle Business Intelligence Techno-Functional Consultant,Oracle Business Intelligence Techno-Functional Consultant
Regulatory Reporting Analyst,Regulatory Reporting Analyst
Sales Director - AI powered Predictive Analytics as a Service at AlgosRus.com!,Sales Director - AI powered Predictive Analytics as a Service at AlgosRus.com!
Senior Digital Analytics Specialist (Technical),Senior Digital Analytics Specialist (Technical)
"Senior Director, Workforce Planning & Analytics","Senior Director, Workforce Planning & Analytics"
"Senior Financial Analyst, Business Analytics - Planning &  Strategy","Senior Financial Analyst, Business Analytics - Planning &  Strategy"
Senior Manager of Talent Acquisition Analytics & Business Intelligence (Direct-Hire / Remote),Senior Manager of Talent Acquisition Analytics & Business Intelligence (Direct-Hire / Remote)
"Senior Programmer Analyst, Insight Analytics","Senior Programmer Analyst, Insight Analytics"
Technical Product Analyst,Technical Product Analyst
[FINANCE] Business Analytics,[FINANCE] Business Analytics
