"RelativePath","SizeMB","LastWriteTime"
".env","0","05-08-2026 21:53:02"
".env.example","0","10-08-2026 12:20:44"
".gitignore","0","10-08-2026 12:18:45"
".vscode\settings.json","0","31-07-2026 19:39:02"
"03_EDA\__pycache__\advanced_analytics.cpython-313.pyc","0.01","07-08-2026 00:39:40"
"03_EDA\__pycache__\recruitment_analytics.cpython-313.pyc","0.01","06-08-2026 22:47:28"
"03_EDA\__pycache__\skills_analytics.cpython-313.pyc","0.01","06-08-2026 23:45:56"
"03_EDA\advanced_analytics.py","0.01","07-08-2026 00:39:22"
"03_EDA\generate_all_eda.py","0","06-08-2026 23:57:39"
"03_EDA\recruitment_analytics.py","0.01","06-08-2026 22:45:33"
"03_EDA\skills_analytics.py","0.01","06-08-2026 23:45:15"
"04_POWER_BI\AI_Job_Posting_Analyzer.pbix","8.54","07-08-2026 21:05:09"
"04_POWER_BI\Dataset\cleaned_postings.csv","18.06","31-07-2026 20:53:42"
"04_POWER_BI\Dataset\evaluation_summary.csv","0","05-08-2026 02:14:34"
"04_POWER_BI\Dataset\normalization_quality.csv","0","03-08-2026 16:00:45"
"04_POWER_BI\Dataset\normalization_summary.csv","0","03-08-2026 16:00:45"
"04_POWER_BI\Dataset\normalized_jobs.csv","1.47","04-08-2026 21:32:46"
"04_POWER_BI\Dataset\normalized_skills_long.csv","0.18","03-08-2026 16:00:45"
"04_POWER_BI\Dataset\skill_frequency.csv","0.01","04-08-2026 21:55:29"
"04_POWER_BI\Dataset\skill_pairs.csv","0.42","04-08-2026 21:55:30"
"04_POWER_BI\Power bi dashboard\.gitignore","0","07-08-2026 21:08:48"
"04_POWER_BI\Power bi dashboard\AI_Job_Posting_Analyzer.pbip","0","07-08-2026 21:08:57"
"04_POWER_BI\Power bi dashboard\AI_Job_Posting_Analyzer.pbit","0.03","07-08-2026 21:06:37"
"04_POWER_BI\Power bi dashboard\AI_Job_Posting_Analyzer.pbix","8.54","07-08-2026 21:05:57"
"04_POWER_BI\Power bi dashboard\AI_Job_Posting_Analyzer.Report\.pbi\localSettings.json","0","07-08-2026 21:08:57"
"04_POWER_BI\Power bi dashboard\AI_Job_Posting_Analyzer.Report\.platform","0","07-08-2026 21:08:57"
"04_POWER_BI\Power bi dashboard\AI_Job_Posting_Analyzer.Report\definition.pbir","0","07-08-2026 21:08:57"
"04_POWER_BI\Power bi dashboard\AI_Job_Posting_Analyzer.Report\definition\pages\0662a4e00140c7e8210d\page.json","0","07-08-2026 21:08:48"
"04_POWER_BI\Power bi dashboard\AI_Job_Posting_Analyzer.Report\definition\pages\0662a4e00140c7e8210d\visuals\387259dab2ba090edc07\visual.json","0.01","07-08-2026 21:08:48"
"04_POWER_BI\Power bi dashboard\AI_Job_Posting_Analyzer.Report\definition\pages\0662a4e00140c7e8210d\visuals\39acb41698990880c491\visual.json","0","07-08-2026 21:08:48"
"04_POWER_BI\Power bi dashboard\AI_Job_Posting_Analyzer.Report\definition\pages\0662a4e00140c7e8210d\visuals\d96e007a9a8754c08d09\visual.json","0.01","07-08-2026 21:08:48"
"04_POWER_BI\Power bi dashboard\AI_Job_Posting_Analyzer.Report\definition\pages\0662a4e00140c7e8210d\visuals\f23a0c7b751ac8110689\visual.json","0","07-08-2026 21:08:48"
"04_POWER_BI\Power bi dashboard\AI_Job_Posting_Analyzer.Report\definition\pages\0662a4e00140c7e8210d\visuals\fb8f49e2e13c61ac7d00\visual.json","0.01","07-08-2026 21:08:48"
"04_POWER_BI\Power bi dashboard\AI_Job_Posting_Analyzer.Report\definition\pages\0662a4e00140c7e8210d\visuals\ff0552e684720a350136\visual.json","0","07-08-2026 21:08:48"
"04_POWER_BI\Power bi dashboard\AI_Job_Posting_Analyzer.Report\definition\pages\2157e95fb228d860b876\page.json","0","07-08-2026 21:08:48"
"04_POWER_BI\Power bi dashboard\AI_Job_Posting_Analyzer.Report\definition\pages\2157e95fb228d860b876\visuals\07e9feaca4e8cb01065c\visual.json","0.01","07-08-2026 21:08:48"
"04_POWER_BI\Power bi dashboard\AI_Job_Posting_Analyzer.Report\definition\pages\2157e95fb228d860b876\visuals\0f3146f29d08d9a4d746\visual.json","0","07-08-2026 21:08:48"
"04_POWER_BI\Power bi dashboard\AI_Job_Posting_Analyzer.Report\definition\pages\2157e95fb228d860b876\visuals\37065fd6c90d9ddd25c6\visual.json","0","07-08-2026 21:08:48"
"04_POWER_BI\Power bi dashboard\AI_Job_Posting_Analyzer.Report\definition\pages\2157e95fb228d860b876\visuals\4818b8abca6819078d46\visual.json","0","07-08-2026 21:08:48"
"04_POWER_BI\Power bi dashboard\AI_Job_Posting_Analyzer.Report\definition\pages\2157e95fb228d860b876\visuals\4b57c4c83e6748a047e0\visual.json","0","07-08-2026 21:08:48"
"04_POWER_BI\Power bi dashboard\AI_Job_Posting_Analyzer.Report\definition\pages\2157e95fb228d860b876\visuals\688d574a6a9c6c7ea894\visual.json","0","07-08-2026 21:08:48"
"04_POWER_BI\Power bi dashboard\AI_Job_Posting_Analyzer.Report\definition\pages\2157e95fb228d860b876\visuals\6e0353501d0d8b661d08\visual.json","0.01","07-08-2026 21:08:48"
"04_POWER_BI\Power bi dashboard\AI_Job_Posting_Analyzer.Report\definition\pages\2157e95fb228d860b876\visuals\7414fe5051c070bb0e29\visual.json","0","07-08-2026 21:08:48"
"04_POWER_BI\Power bi dashboard\AI_Job_Posting_Analyzer.Report\definition\pages\2157e95fb228d860b876\visuals\7eaa05c07c408860de2b\visual.json","0.01","07-08-2026 21:08:48"
"04_POWER_BI\Power bi dashboard\AI_Job_Posting_Analyzer.Report\definition\pages\2157e95fb228d860b876\visuals\b7b98df2e280e6e16c50\visual.json","0","07-08-2026 21:08:48"
"04_POWER_BI\Power bi dashboard\AI_Job_Posting_Analyzer.Report\definition\pages\2157e95fb228d860b876\visuals\c698e2e2220363e2b37e\visual.json","0","07-08-2026 21:08:48"
"04_POWER_BI\Power bi dashboard\AI_Job_Posting_Analyzer.Report\definition\pages\2157e95fb228d860b876\visuals\c98bc1507de967598273\visual.json","0","07-08-2026 21:08:48"
"04_POWER_BI\Power bi dashboard\AI_Job_Posting_Analyzer.Report\definition\pages\2157e95fb228d860b876\visuals\f6f50c8466c073d167ce\visual.json","0","07-08-2026 21:08:48"
"04_POWER_BI\Power bi dashboard\AI_Job_Posting_Analyzer.Report\definition\pages\5a8eb0cee56dc0c1c789\page.json","0","07-08-2026 21:08:48"
"04_POWER_BI\Power bi dashboard\AI_Job_Posting_Analyzer.Report\definition\pages\5a8eb0cee56dc0c1c789\visuals\0feb769b17c55a6eeb1b\visual.json","0","07-08-2026 21:08:48"
"04_POWER_BI\Power bi dashboard\AI_Job_Posting_Analyzer.Report\definition\pages\5a8eb0cee56dc0c1c789\visuals\1f87e37134ee0692d940\visual.json","0.01","07-08-2026 21:08:48"
"04_POWER_BI\Power bi dashboard\AI_Job_Posting_Analyzer.Report\definition\pages\5a8eb0cee56dc0c1c789\visuals\20884d4eb6200db0a817\visual.json","0","07-08-2026 21:08:48"
"04_POWER_BI\Power bi dashboard\AI_Job_Posting_Analyzer.Report\definition\pages\5a8eb0cee56dc0c1c789\visuals\7cc591e098b67b30b8b4\visual.json","0.01","07-08-2026 21:08:48"
"04_POWER_BI\Power bi dashboard\AI_Job_Posting_Analyzer.Report\definition\pages\5a8eb0cee56dc0c1c789\visuals\9145ee115373abd86d06\visual.json","0.01","07-08-2026 21:08:48"
"04_POWER_BI\Power bi dashboard\AI_Job_Posting_Analyzer.Report\definition\pages\5a8eb0cee56dc0c1c789\visuals\b3a93202010230310eb2\visual.json","0","07-08-2026 21:08:48"
"04_POWER_BI\Power bi dashboard\AI_Job_Posting_Analyzer.Report\definition\pages\5a8eb0cee56dc0c1c789\visuals\c61523d8e0b8120d5011\visual.json","0","07-08-2026 21:08:48"
"04_POWER_BI\Power bi dashboard\AI_Job_Posting_Analyzer.Report\definition\pages\5a8eb0cee56dc0c1c789\visuals\d3c256e8e18b703eda71\visual.json","0","07-08-2026 21:08:48"
"04_POWER_BI\Power bi dashboard\AI_Job_Posting_Analyzer.Report\definition\pages\601a380c32bce9d90062\page.json","0","07-08-2026 21:08:48"
"04_POWER_BI\Power bi dashboard\AI_Job_Posting_Analyzer.Report\definition\pages\601a380c32bce9d90062\visuals\2acb518a5a1a40104c8b\visual.json","0.01","07-08-2026 21:08:48"
"04_POWER_BI\Power bi dashboard\AI_Job_Posting_Analyzer.Report\definition\pages\601a380c32bce9d90062\visuals\2ede5a7c8273d0889d05\visual.json","0.01","07-08-2026 21:08:48"
"04_POWER_BI\Power bi dashboard\AI_Job_Posting_Analyzer.Report\definition\pages\601a380c32bce9d90062\visuals\506a920026c32b85a511\visual.json","0.01","07-08-2026 21:08:48"
"04_POWER_BI\Power bi dashboard\AI_Job_Posting_Analyzer.Report\definition\pages\601a380c32bce9d90062\visuals\580a80ca0d19185a18ad\visual.json","0.01","07-08-2026 21:08:48"
"04_POWER_BI\Power bi dashboard\AI_Job_Posting_Analyzer.Report\definition\pages\601a380c32bce9d90062\visuals\8495b3e04787bb141845\visual.json","0.01","07-08-2026 21:08:48"
"04_POWER_BI\Power bi dashboard\AI_Job_Posting_Analyzer.Report\definition\pages\a8ba75ebc04bd2008b55\page.json","0","07-08-2026 21:08:48"
"04_POWER_BI\Power bi dashboard\AI_Job_Posting_Analyzer.Report\definition\pages\a8ba75ebc04bd2008b55\visuals\60d78229c0c3e4504e12\visual.json","0.01","07-08-2026 21:08:48"
"04_POWER_BI\Power bi dashboard\AI_Job_Posting_Analyzer.Report\definition\pages\a8ba75ebc04bd2008b55\visuals\96ca9e77e367bd62c719\visual.json","0","07-08-2026 21:08:48"
"04_POWER_BI\Power bi dashboard\AI_Job_Posting_Analyzer.Report\definition\pages\a8ba75ebc04bd2008b55\visuals\d0b7698077e7db500ee9\visual.json","0.01","07-08-2026 21:08:48"
"04_POWER_BI\Power bi dashboard\AI_Job_Posting_Analyzer.Report\definition\pages\a8ba75ebc04bd2008b55\visuals\f32eeee6920384aa3d32\visual.json","0","07-08-2026 21:08:48"
"04_POWER_BI\Power bi dashboard\AI_Job_Posting_Analyzer.Report\definition\pages\pages.json","0","07-08-2026 21:08:48"
"04_POWER_BI\Power bi dashboard\AI_Job_Posting_Analyzer.Report\definition\report.json","0","07-08-2026 21:08:48"
"04_POWER_BI\Power bi dashboard\AI_Job_Posting_Analyzer.Report\definition\version.json","0","07-08-2026 21:08:48"
"04_POWER_BI\Power bi dashboard\AI_Job_Posting_Analyzer.Report\StaticResources\SharedResources\BaseThemes\CY26SU07.json","0.02","07-08-2026 21:08:57"
"04_POWER_BI\Power bi dashboard\AI_Job_Posting_Analyzer.SemanticModel\.pbi\cache.abf","8.53","07-08-2026 21:08:48"
"04_POWER_BI\Power bi dashboard\AI_Job_Posting_Analyzer.SemanticModel\.pbi\editorSettings.json","0","07-08-2026 21:08:57"
"04_POWER_BI\Power bi dashboard\AI_Job_Posting_Analyzer.SemanticModel\.pbi\localSettings.json","0","07-08-2026 21:08:57"
"04_POWER_BI\Power bi dashboard\AI_Job_Posting_Analyzer.SemanticModel\.platform","0","07-08-2026 21:08:57"
"04_POWER_BI\Power bi dashboard\AI_Job_Posting_Analyzer.SemanticModel\definition.pbism","0","07-08-2026 21:08:57"
"04_POWER_BI\Power bi dashboard\AI_Job_Posting_Analyzer.SemanticModel\definition\cultures\en-US.tmdl","0","07-08-2026 21:08:57"
"04_POWER_BI\Power bi dashboard\AI_Job_Posting_Analyzer.SemanticModel\definition\database.tmdl","0","07-08-2026 21:08:57"
"04_POWER_BI\Power bi dashboard\AI_Job_Posting_Analyzer.SemanticModel\definition\model.tmdl","0","07-08-2026 21:08:57"
"04_POWER_BI\Power bi dashboard\AI_Job_Posting_Analyzer.SemanticModel\definition\relationships.tmdl","0","07-08-2026 21:08:57"
"04_POWER_BI\Power bi dashboard\AI_Job_Posting_Analyzer.SemanticModel\definition\tables\cleaned_postings.tmdl","0.01","07-08-2026 21:08:57"
"04_POWER_BI\Power bi dashboard\AI_Job_Posting_Analyzer.SemanticModel\definition\tables\normalized_jobs (2).tmdl","0.01","07-08-2026 21:08:57"
"04_POWER_BI\Power bi dashboard\AI_Job_Posting_Analyzer.SemanticModel\definition\tables\normalized_jobs.tmdl","0.01","07-08-2026 21:08:57"
"04_POWER_BI\Power bi dashboard\AI_Job_Posting_Analyzer.SemanticModel\definition\tables\normalized_skills_long.tmdl","0","07-08-2026 21:08:57"
"04_POWER_BI\Power bi dashboard\AI_Job_Posting_Analyzer.SemanticModel\definition\tables\Table.tmdl","0","07-08-2026 21:08:57"
"04_POWER_BI\Power bi dashboard\AI_Job_Posting_Analyzer.SemanticModel\diagramLayout.json","0","07-08-2026 21:08:57"
"app\__init__.py","0","05-08-2026 14:18:00"
"app\__pycache__\app.cpython-313.pyc","0","05-08-2026 14:15:09"
"app\app old.py","0.01","06-08-2026 14:49:33"
"app\app.py","0.01","06-08-2026 20:03:44"
"app\components\__init__.py","0","05-08-2026 13:24:17"
"app\components\__pycache__\__init__.cpython-313.pyc","0","05-08-2026 14:19:40"
"app\components\__pycache__\dashboard.cpython-313.pyc","0.01","06-08-2026 21:04:31"
"app\components\__pycache__\downloads.cpython-313.pyc","0","05-08-2026 14:19:40"
"app\components\__pycache__\explainable_ai.cpython-313.pyc","0","06-08-2026 21:04:31"
"app\components\__pycache__\footer.cpython-313.pyc","0","05-08-2026 14:19:40"
"app\components\__pycache__\header.cpython-313.pyc","0","06-08-2026 18:04:36"
"app\components\__pycache__\history.cpython-313.pyc","0","06-08-2026 19:15:04"
"app\components\__pycache__\input_panel.cpython-313.pyc","0","05-08-2026 14:19:40"
"app\components\__pycache__\prediction.cpython-313.pyc","0.01","06-08-2026 20:45:03"
"app\components\__pycache__\results.cpython-313.pyc","0","05-08-2026 15:11:14"
"app\components\__pycache__\sidebar.cpython-313.pyc","0","06-08-2026 20:45:03"
"app\components\__pycache__\skill_gap.cpython-313.pyc","0","06-08-2026 13:51:20"
"app\components\dashboard.py","0.01","06-08-2026 21:02:03"
"app\components\downloads.py","0","05-08-2026 13:59:22"
"app\components\explainable_ai.py","0","06-08-2026 20:52:17"
"app\components\footer.py","0","05-08-2026 13:34:22"
"app\components\header.py","0","06-08-2026 17:56:09"
"app\components\history.py","0","06-08-2026 19:13:40"
"app\components\input_panel.py","0","05-08-2026 13:41:19"
"app\components\prediction.py","0","06-08-2026 20:40:19"
"app\components\results.py","0","05-08-2026 15:09:28"
"app\components\sidebar.py","0","06-08-2026 20:28:14"
"app\components\skill_gap.py","0","05-08-2026 19:39:46"
"assets\app\__init__.py","0","05-08-2026 14:18:00"
"assets\app\__pycache__\app.cpython-313.pyc","0","05-08-2026 14:15:09"
"assets\app\app old.py","0.01","06-08-2026 14:49:33"
"assets\app\app.py","0.01","06-08-2026 20:03:44"
"assets\app\components\__init__.py","0","05-08-2026 13:24:17"
"assets\app\components\__pycache__\__init__.cpython-313.pyc","0","05-08-2026 14:19:40"
"assets\app\components\__pycache__\dashboard.cpython-313.pyc","0.01","06-08-2026 21:04:31"
"assets\app\components\__pycache__\downloads.cpython-313.pyc","0","05-08-2026 14:19:40"
"assets\app\components\__pycache__\explainable_ai.cpython-313.pyc","0","06-08-2026 21:04:31"
"assets\app\components\__pycache__\footer.cpython-313.pyc","0","05-08-2026 14:19:40"
"assets\app\components\__pycache__\header.cpython-313.pyc","0","06-08-2026 18:04:36"
"assets\app\components\__pycache__\history.cpython-313.pyc","0","06-08-2026 19:15:04"
"assets\app\components\__pycache__\input_panel.cpython-313.pyc","0","05-08-2026 14:19:40"
"assets\app\components\__pycache__\prediction.cpython-313.pyc","0.01","06-08-2026 20:45:03"
"assets\app\components\__pycache__\results.cpython-313.pyc","0","05-08-2026 15:11:14"
"assets\app\components\__pycache__\sidebar.cpython-313.pyc","0","06-08-2026 20:45:03"
"assets\app\components\__pycache__\skill_gap.cpython-313.pyc","0","06-08-2026 13:51:20"
"assets\app\components\dashboard.py","0.01","06-08-2026 21:02:03"
"assets\app\components\downloads.py","0","05-08-2026 13:59:22"
"assets\app\components\explainable_ai.py","0","06-08-2026 20:52:17"
"assets\app\components\footer.py","0","05-08-2026 13:34:22"
"assets\app\components\header.py","0","06-08-2026 17:56:09"
"assets\app\components\history.py","0","06-08-2026 19:13:40"
"assets\app\components\input_panel.py","0","05-08-2026 13:41:19"
"assets\app\components\prediction.py","0","06-08-2026 20:40:19"
"assets\app\components\results.py","0","05-08-2026 15:09:28"
"assets\app\components\sidebar.py","0","06-08-2026 20:28:14"
"assets\app\components\skill_gap.py","0","05-08-2026 19:39:46"
"audit\04_0_raw_dataset_eda.py","0.01","09-08-2026 15:56:59"
"audit\build_project_database.py","0.01","08-08-2026 18:01:05"
"audit\evidence\evidence_06_3_llm_implementation.py","0.01","09-08-2026 22:10:07"
"audit\evidence\extract_llm_evidence.py","0","09-08-2026 22:16:42"
"audit\evidence\outputs\04_raw_eda\01_raw_job_title_distribution.png","0.15","09-08-2026 15:57:21"
"audit\evidence\outputs\04_raw_eda\02_raw_employment_type.png","0.1","09-08-2026 15:57:21"
"audit\evidence\outputs\04_raw_eda\03_raw_experience_level.png","0.11","09-08-2026 15:57:22"
"audit\evidence\outputs\04_raw_eda\04_raw_remote_vs_nonremote.png","0.07","09-08-2026 15:57:22"
"audit\evidence\outputs\04_raw_eda\05_raw_location_distribution.png","0.14","09-08-2026 15:57:22"
"audit\evidence\outputs\04_raw_eda\raw_missing_values.csv","0","10-08-2026 00:08:06"
"audit\evidence\outputs\06_llm_implementation\04B_3_LLM_IMPLEMENTATION_EVIDENCE.json","3.02","09-08-2026 22:10:46"
"audit\evidence\outputs\06_llm_implementation\04B_3_LLM_IMPLEMENTATION_EVIDENCE.txt","0.55","09-08-2026 22:10:46"
"audit\evidence\outputs\06_llm_implementation\screenshots\01_model_configuration - Copy - Copy.png","0.06","09-08-2026 22:55:38"
"audit\evidence\outputs\06_llm_implementation\screenshots\01_model_configuration - Copy (2).png","0.06","09-08-2026 22:55:38"
"audit\evidence\outputs\06_llm_implementation\screenshots\01_model_configuration - Copy.png","0.06","09-08-2026 22:55:38"
"audit\evidence\outputs\06_llm_implementation\screenshots\01_model_configuration.png","0.06","09-08-2026 22:55:38"
"audit\evidence\outputs\06_llm_implementation\screenshots\02_groq_client_configuration - Copy - Copy.png","0.18","09-08-2026 22:55:39"
"audit\evidence\outputs\06_llm_implementation\screenshots\02_groq_client_configuration - Copy (2).png","0.18","09-08-2026 22:55:39"
"audit\evidence\outputs\06_llm_implementation\screenshots\02_groq_client_configuration - Copy.png","0.18","09-08-2026 22:55:39"
"audit\evidence\outputs\06_llm_implementation\screenshots\02_groq_client_configuration.png","0.18","09-08-2026 22:55:39"
"audit\evidence\outputs\06_llm_implementation\screenshots\03_prompt_rules - Copy.png","0.05","09-08-2026 22:55:39"
"audit\evidence\outputs\06_llm_implementation\screenshots\03_prompt_rules.png","0.05","09-08-2026 22:55:39"
"audit\evidence\outputs\06_llm_implementation\screenshots\04_prompt_exclusions - Copy.png","0.05","09-08-2026 22:55:40"
"audit\evidence\outputs\06_llm_implementation\screenshots\04_prompt_exclusions.png","0.05","09-08-2026 22:55:40"
"audit\evidence\outputs\06_llm_implementation\screenshots\05_few_shot_schema - Copy.png","0.05","09-08-2026 22:55:40"
"audit\evidence\outputs\06_llm_implementation\screenshots\05_few_shot_schema.png","0.05","09-08-2026 22:55:40"
"audit\evidence\outputs\06_llm_implementation\screenshots\06_retry_backoff.png","0.13","09-08-2026 22:55:39"
"audit\evidence\outputs\06_llm_implementation\screenshots\07_json_validation.png","0.08","09-08-2026 22:55:39"
"audit\evidence\outputs\06_llm_implementation\screenshots\08_extraction_integration.png","0.29","09-08-2026 22:55:40"
"audit\evidence\outputs\06_llm_implementation\screenshots\README.txt","0","09-08-2026 22:55:40"
"audit\evidence_01_raw_dataset.py","0.01","08-08-2026 17:45:06"
"audit\evidence_02_data_quality.py","0","08-08-2026 18:19:05"
"audit\evidence_03_data_cleaning.py","0","08-08-2026 18:25:40"
"audit\evidence_04_eda_job_profile.py","0","08-08-2026 18:31:23"
"audit\evidence_06_1_groq_pipeline.py","0","08-08-2026 19:56:41"
"audit\evidence_06_2_skill_extraction_output.py","0","08-08-2026 20:02:22"
"audit\evidence_06_skill_extraction.py","0","08-08-2026 19:20:55"
"audit\evidence_07_1_normalization_pipeline.py","0","08-08-2026 21:08:12"
"audit\evidence_07_2_normalization_results.py","0","08-08-2026 21:20:43"
"audit\evidence_07_skill_normalization.py","0","08-08-2026 19:46:03"
"audit\evidence_08_1_feature_engineering.py","0.01","08-08-2026 21:32:47"
"audit\evidence_08_2_feature_selection.py","0","08-08-2026 21:41:45"
"audit\evidence_09_1_role_classification_setup.py","0","08-08-2026 23:07:22"
"audit\evidence_09_2_model_comparison.py","0","08-08-2026 23:17:35"
"audit\evidence_09_3_best_model.py","0","08-08-2026 23:23:23"
"audit\evidence_09_4_classification_report.py","0","08-08-2026 23:28:13"
"audit\evidence_09_5_confusion_matrix.py","0","08-08-2026 23:33:35"
"audit\evidence_09_6_misclassification_analysis.py","0","08-08-2026 23:39:53"
"audit\evidence_10_1_cross_validation.py","0","08-08-2026 23:43:50"
"audit\evidence_10_2_model_performance.py","0","08-08-2026 23:48:28"
"audit\evidence_10_3_evaluation_summary.py","0","08-08-2026 23:52:04"
"audit\extract_misclassifications.py","0","10-08-2026 00:07:45"
"audit\inspect_sqlite.py","0","08-08-2026 17:54:14"
"audit_roles.py","0.01","08-08-2026 14:58:57"
"audit_train_test.py","0","08-08-2026 15:04:19"
"check_llm_details.py","0.01","08-08-2026 14:49:09"
"clean_project_inventory.csv","0","14-08-2026 14:40:28"
"configs\roles\target_roles.yaml","0","31-07-2026 20:41:05"
"configs\settings.py","0","31-07-2026 20:12:42"
"create_extraction_gold_sample.py","0","08-08-2026 15:21:28"
"data\cache\__init__.py","0","05-08-2026 19:16:49"
"data\cache\123456.json","0","01-08-2026 09:32:06"
"data\cache\3884435023.json","0","04-08-2026 11:38:52"
"data\cache\3884439254.json","0","04-08-2026 10:27:17"
"data\cache\3884441553.json","0","01-08-2026 13:30:26"
"data\cache\3884823184.json","0","02-08-2026 10:06:25"
"data\cache\3885101852.json","0","02-08-2026 10:06:52"
"data\cache\3885103769.json","0","04-08-2026 10:28:07"
"data\cache\3885112244.json","0","01-08-2026 13:32:06"
"data\cache\3885822305.json","0","01-08-2026 13:27:50"
"data\cache\3886879484.json","0","04-08-2026 11:03:45"
"data\cache\3886883013.json","0","01-08-2026 13:32:04"
"data\cache\3886895482.json","0","04-08-2026 11:20:52"
"data\cache\3887101270.json","0","01-08-2026 13:25:31"
"data\cache\3887104313.json","0","02-08-2026 00:10:28"
"data\cache\3887489778.json","0","02-08-2026 11:52:36"
"data\cache\3887490958.json","0","02-08-2026 10:05:21"
"data\cache\3887499919.json","0","02-08-2026 00:09:09"
"data\cache\3887701756.json","0","01-08-2026 13:30:15"
"data\cache\3887716629.json","0","02-08-2026 10:05:35"
"data\cache\3887718042.json","0","04-08-2026 10:29:12"
"data\cache\3887840211.json","0","02-08-2026 10:06:47"
"data\cache\3887876187.json","0","01-08-2026 13:29:30"
"data\cache\3887885935.json","0","01-08-2026 13:28:41"
"data\cache\3887920166.json","0","02-08-2026 10:06:59"
"data\cache\3887948207.json","0","04-08-2026 10:47:06"
"data\cache\3888994430.json","0","01-08-2026 13:26:03"
"data\cache\3889417419.json","0","01-08-2026 13:28:33"
"data\cache\3889732556.json","0","01-08-2026 13:29:04"
"data\cache\3889734996.json","0","02-08-2026 00:09:47"
"data\cache\3889756865.json","0","02-08-2026 10:06:36"
"data\cache\3891072371.json","0","02-08-2026 10:05:43"
"data\cache\3891072418.json","0","01-08-2026 13:27:15"
"data\cache\3891073730.json","0","04-08-2026 11:34:47"
"data\cache\3891074608.json","0","02-08-2026 00:09:56"
"data\cache\3891074946.json","0","01-08-2026 13:25:30"
"data\cache\3891075029.json","0","02-08-2026 00:08:54"
"data\cache\3891079268.json","0","02-08-2026 10:06:20"
"data\cache\3891088945.json","0","01-08-2026 13:27:21"
"data\cache\3891091654.json","0","01-08-2026 13:29:58"
"data\cache\3891251459.json","0","04-08-2026 10:28:37"
"data\cache\3891289535.json","0","03-08-2026 21:33:40"
"data\cache\3894206499.json","0","02-08-2026 00:09:24"
"data\cache\3894207377.json","0","04-08-2026 11:26:35"
"data\cache\3894286618.json","0","01-08-2026 13:30:57"
"data\cache\3894861605.json","0","04-08-2026 11:23:05"
"data\cache\3894875140.json","0","04-08-2026 11:14:02"
"data\cache\3894876574.json","0","01-08-2026 13:31:39"
"data\cache\3894946919.json","0","01-08-2026 13:28:52"
"data\cache\3894947661.json","0","02-08-2026 10:04:56"
"data\cache\3894993415.json","0","04-08-2026 11:12:30"
"data\cache\3895200298.json","0","01-08-2026 13:27:11"
"data\cache\3895272957.json","0","01-08-2026 13:27:05"
"data\cache\3895532596.json","0","04-08-2026 10:29:42"
"data\cache\3895540929.json","0","04-08-2026 11:20:21"
"data\cache\3895584708.json","0","01-08-2026 13:31:59"
"data\cache\3898162921.json","0","04-08-2026 11:09:49"
"data\cache\3898164992.json","0","02-08-2026 00:08:54"
"data\cache\3898172866.json","0","04-08-2026 11:36:26"
"data\cache\3898174047.json","0","01-08-2026 13:32:45"
"data\cache\3898174637.json","0","01-08-2026 13:27:08"
"data\cache\3898179040.json","0","04-08-2026 11:14:32"
"data\cache\3899522047.json","0","01-08-2026 13:28:00"
"data\cache\3899523690.json","0","03-08-2026 21:35:43"
"data\cache\3899523948.json","0","04-08-2026 11:33:16"
"data\cache\3899525852.json","0","04-08-2026 10:44:58"
"data\cache\3899530442.json","0","01-08-2026 13:29:45"
"data\cache\3899544343.json","0","02-08-2026 10:07:11"
"data\cache\3900961567.json","0","04-08-2026 11:32:46"
"data\cache\3900967072.json","0","02-08-2026 10:05:40"
"data\cache\3900983236.json","0","01-08-2026 13:31:16"
"data\cache\3901343732.json","0","04-08-2026 11:25:28"
"data\cache\3901348758.json","0","01-08-2026 13:30:10"
"data\cache\3901349539.json","0","01-08-2026 13:31:19"
"data\cache\3901353172.json","0","02-08-2026 00:10:33"
"data\cache\3901353972.json","0","01-08-2026 13:29:36"
"data\cache\3901356982.json","0","03-08-2026 21:31:34"
"data\cache\3901373790.json","0","04-08-2026 11:13:00"
"data\cache\3901387962.json","0","04-08-2026 11:24:56"
"data\cache\3901392844.json","0","04-08-2026 11:38:24"
"data\cache\3901393644.json","0","02-08-2026 00:10:13"
"data\cache\3901394550.json","0","04-08-2026 10:48:05"
"data\cache\3901634556.json","0","04-08-2026 10:43:03"
"data\cache\3901673468.json","0","01-08-2026 13:31:45"
"data\cache\3901678622.json","0","02-08-2026 10:06:34"
"data\cache\3901694555.json","0","02-08-2026 10:05:52"
"data\cache\3901908139.json","0","04-08-2026 11:37:54"
"data\cache\3901938817.json","0","01-08-2026 13:29:51"
"data\cache\3901938989.json","0","01-08-2026 13:30:07"
"data\cache\3901942350.json","0","04-08-2026 10:47:35"
"data\cache\3901944658.json","0","03-08-2026 21:34:41"
"data\cache\3901944725.json","0","04-08-2026 10:49:09"
"data\cache\3901950666.json","0","04-08-2026 11:35:40"
"data\cache\3901950783.json","0","01-08-2026 13:27:07"
"data\cache\3901956833.json","0","04-08-2026 11:03:16"
"data\cache\3901962508.json","0","01-08-2026 13:28:22"
"data\cache\3901987303.json","0","01-08-2026 13:30:48"
"data\cache\3901995691.json","0","02-08-2026 00:08:44"
"data\cache\3902302203.json","0","01-08-2026 13:33:44"
"data\cache\3902340711.json","0","01-08-2026 13:27:26"
"data\cache\3902343179.json","0","01-08-2026 13:27:38"
"data\cache\3902348430.json","0","01-08-2026 13:25:55"
"data\cache\3902350590.json","0","04-08-2026 10:46:06"
"data\cache\3902351966.json","0","02-08-2026 10:05:21"
"data\cache\3902352279.json","0","01-08-2026 13:30:43"
"data\cache\3902353887.json","0","04-08-2026 11:32:02"
"data\cache\3902356904.json","0","01-08-2026 14:38:48"
"data\cache\3902357112.json","0","01-08-2026 13:31:51"
"data\cache\3902357366.json","0","01-08-2026 13:25:49"
"data\cache\3902357940.json","0","04-08-2026 10:26:36"
"data\cache\3902360711.json","0","02-08-2026 10:06:11"
"data\cache\3902738281.json","0","04-08-2026 11:37:19"
"data\cache\3902754992.json","0","01-08-2026 13:28:26"
"data\cache\3902760382.json","0","04-08-2026 11:22:52"
"data\cache\3902780922.json","0","04-08-2026 11:10:34"
"data\cache\3902780924.json","0","01-08-2026 13:27:04"
"data\cache\3902781837.json","0","02-08-2026 00:09:42"
"data\cache\3902782727.json","0","04-08-2026 11:21:48"
"data\cache\3902783695.json","0","02-08-2026 10:06:14"
"data\cache\3902814236.json","0","04-08-2026 11:23:34"
"data\cache\3902829691.json","0","01-08-2026 13:27:05"
"data\cache\3902838650.json","0","02-08-2026 00:08:44"
"data\cache\3902840602.json","0","01-08-2026 13:28:15"
"data\cache\3902861372.json","0","01-08-2026 13:32:15"
"data\cache\3902862582.json","0","03-08-2026 21:34:10"
"data\cache\3902864219.json","0","02-08-2026 10:06:32"
"data\cache\3902872004.json","0","02-08-2026 10:07:08"
"data\cache\3903434413.json","0","01-08-2026 13:25:47"
"data\cache\3903435357.json","0","02-08-2026 10:04:44"
"data\cache\3903442651.json","0","02-08-2026 13:47:12"
"data\cache\3903444746.json","0","01-08-2026 13:32:35"
"data\cache\3903462753.json","0","01-08-2026 13:29:00"
"data\cache\3903472486.json","0","02-08-2026 00:09:30"
"data\cache\3903801406.json","0","01-08-2026 13:28:17"
"data\cache\3903806210.json","0","01-08-2026 13:31:27"
"data\cache\3903807162.json","0","02-08-2026 00:09:08"
"data\cache\3903813458.json","0","01-08-2026 13:28:31"
"data\cache\3903824576.json","0","01-08-2026 13:27:06"
"data\cache\3903835855.json","0","02-08-2026 00:10:26"
"data\cache\3903844013.json","0","04-08-2026 11:26:00"
"data\cache\3903844602.json","0","04-08-2026 11:36:12"
"data\cache\3903846145.json","0","01-08-2026 13:30:25"
"data\cache\3903846556.json","0","01-08-2026 13:27:55"
"data\cache\3903870462.json","0","02-08-2026 00:10:46"
"data\cache\3903875936.json","0","01-08-2026 13:26:36"
"data\cache\3904092271.json","0","02-08-2026 10:07:14"
"data\cache\3904358864.json","0","04-08-2026 10:46:37"
"data\cache\3904388514.json","0","02-08-2026 10:04:45"
"data\cache\3904388641.json","0","01-08-2026 13:29:18"
"data\cache\3904392124.json","0","02-08-2026 00:08:43"
"data\cache\3904392573.json","0","04-08-2026 11:34:18"
"data\cache\3904396152.json","0","04-08-2026 11:11:25"
"data\cache\3904406917.json","0","01-08-2026 13:27:35"
"data\cache\3904413403.json","0","04-08-2026 11:11:58"
"data\cache\3904500501.json","0","01-08-2026 13:29:22"
"data\cache\3904570046.json","0","02-08-2026 10:05:29"
"data\cache\3904574897.json","0","04-08-2026 11:15:06"
"data\cache\3904740018.json","0","04-08-2026 10:49:36"
"data\cache\3904932499.json","0","04-08-2026 10:42:21"
"data\cache\3904933849.json","0","01-08-2026 13:32:38"
"data\cache\3904938280.json","0","04-08-2026 10:43:37"
"data\cache\3904942700.json","0","01-08-2026 13:32:29"
"data\cache\3904944214.json","0","02-08-2026 10:05:22"
"data\cache\3904948162.json","0","02-08-2026 10:05:22"
"data\cache\3904950219.json","0","02-08-2026 00:09:52"
"data\cache\3904952791.json","0","02-08-2026 00:10:08"
"data\cache\3904955115.json","0","02-08-2026 00:09:34"
"data\cache\3904955360.json","0","02-08-2026 00:10:36"
"data\cache\3904957834.json","0","01-08-2026 13:27:40"
"data\cache\3904970171.json","0","04-08-2026 11:33:48"
"data\cache\3904978968.json","0","01-08-2026 13:28:06"
"data\cache\3904986169.json","0","02-08-2026 00:08:28"
"data\cache\3905208418.json","0","01-08-2026 13:32:18"
"data\cache\3905210827.json","0","04-08-2026 11:22:18"
"data\cache\3905213935.json","0","01-08-2026 13:27:41"
"data\cache\3905218828.json","0","01-08-2026 13:27:17"
"data\cache\3905226345.json","0","04-08-2026 10:44:30"
"data\cache\3905241252.json","0","04-08-2026 11:13:31"
"data\cache\3905283695.json","0","02-08-2026 00:08:28"
"data\cache\3905295211.json","0","01-08-2026 13:29:27"
"data\cache\3905300309.json","0","04-08-2026 11:24:24"
"data\cache\3905306415.json","0","01-08-2026 13:31:01"
"data\cache\3905329372.json","0","03-08-2026 21:35:14"
"data\cache\3905333957.json","0","01-08-2026 13:29:15"
"data\cache\3905338394.json","0","01-08-2026 13:31:11"
"data\cache\3905361950.json","0","02-08-2026 10:06:04"
"data\cache\3905391652.json","0","01-08-2026 13:30:32"
"data\cache\3905395157.json","0","02-08-2026 00:09:15"
"data\cache\3905611091.json","0","02-08-2026 00:10:41"
"data\cache\3905821286.json","0","02-08-2026 10:06:28"
"data\cache\3905855625.json","0","01-08-2026 13:30:03"
"data\cache\3905869890.json","0","02-08-2026 10:05:57"
"data\cache\3905885197.json","0","02-08-2026 00:10:10"
"data\cache\3905887769.json","0","01-08-2026 13:31:15"
"data\cache\3906078059.json","0","02-08-2026 00:10:19"
"data\cache\3906224855.json","0","01-08-2026 13:29:56"
"data\cache\3906226767.json","0","02-08-2026 10:06:43"
"data\cache\3906230754.json","0","01-08-2026 13:30:39"
"data\cache\3906248729.json","0","04-08-2026 10:45:55"
"data\cache\3906249532.json","0","01-08-2026 13:29:10"
"data\cache\3906253680.json","0","01-08-2026 13:26:30"
"data\cache\3906261179.json","0","01-08-2026 13:32:25"
"data\cache\999999.json","0","01-08-2026 09:47:01"
"data\cache\streamlit_demo.json","0","05-08-2026 14:30:34"
"data\interim\business_analytics_postings.csv","9.46","31-07-2026 20:42:00"
"data\interim\?? business_analytics_postings.csv","0","31-07-2026 20:34:42"
"data\labelled\extraction_gold_30.csv","0.14","08-08-2026 15:26:37"
"data\labelled\gold_standard_1500.csv","5.54","05-08-2026 21:46:24"
"data\labelled\gold_standard_200.csv","0.84","04-08-2026 00:27:38"
"data\labelled\gold_standard_200_working.csv","0.88","04-08-2026 00:27:33"
"data\labelled\ground_truth_review_100.csv","1","04-08-2026 00:27:28"
"data\labelled\ground_truth_review_final200.csv","1","03-08-2026 12:12:41"
"data\processed\cleaned_postings.csv","18.06","31-07-2026 20:53:42"
"data\processed\company_skill_frequency.csv","0.06","04-08-2026 21:55:29"
"data\processed\evaluation_per_job.csv","0.1","05-08-2026 02:14:34"
"data\processed\evaluation_summary.csv","0","05-08-2026 02:14:34"
"data\processed\feature_engineered_jobs.csv","0.02","04-08-2026 22:21:57"
"data\processed\feature_engineered_jobs_v2.csv","0.07","06-08-2026 17:20:10"
"data\processed\final_ml_dataset_v2.csv","0.07","04-08-2026 23:57:20"
"data\processed\ground_truth_normalized_skills_long.csv","0.3","03-08-2026 20:47:13"
"data\processed\job_postings.db","0.79","04-08-2026 21:49:39"
"data\processed\location_skill_frequency.csv","0.07","04-08-2026 21:55:29"
"data\processed\ml_dataset.csv","0.03","04-08-2026 22:54:57"
"data\processed\normalization_quality.csv","0","03-08-2026 16:00:45"
"data\processed\normalization_summary.csv","0","03-08-2026 16:00:45"
"data\processed\normalized_jobs.csv","1.47","07-08-2026 19:16:44"
"data\processed\normalized_skills_long.csv","0.18","03-08-2026 16:00:45"
"data\processed\possible_multi_role_titles.csv","0","08-08-2026 14:59:58"
"data\processed\role_class_distribution_audit.csv","0","08-08-2026 14:59:58"
"data\processed\role_title_mapping_audit.csv","0.01","08-08-2026 14:59:58"
"data\processed\sample_200_with_ai_skills.csv","0.93","04-08-2026 11:38:53"
"data\processed\skill_category_frequency.csv","0","04-08-2026 21:55:29"
"data\processed\skill_frequency.csv","0.01","04-08-2026 21:55:29"
"data\processed\skill_pairs.csv","0.42","04-08-2026 21:55:30"
"data\processed\top_false_negatives.csv","0.01","05-08-2026 02:22:46"
"data\processed\top_false_positives.csv","0","05-08-2026 02:22:46"
"data\processed\unmatched_skills.csv","0","04-08-2026 21:32:54"
"data\raw\companies\companies.csv","22.12","31-07-2026 19:31:53"
"data\raw\companies\company_industries.csv","0.75","31-07-2026 19:31:53"
"data\raw\companies\company_specialities.csv","4.23","31-07-2026 19:31:53"
"data\raw\companies\employee_counts.csv","1","31-07-2026 19:31:53"
"data\raw\jobs\benefits.csv","1.84","31-07-2026 19:31:53"
"data\raw\jobs\job_industries.csv","2.39","31-07-2026 19:31:53"
"data\raw\jobs\job_skills.csv","3.34","31-07-2026 19:31:53"
"data\raw\jobs\salaries.csv","2.15","31-07-2026 19:31:53"
"data\raw\mappings\industries.csv","0.01","31-07-2026 19:31:53"
"data\raw\mappings\skills.csv","0","31-07-2026 19:31:53"
"data\raw\postings.csv","492.9","31-07-2026 19:31:57"
"database\__pycache__\db.cpython-313.pyc","0","06-08-2026 19:31:21"
"database\app.db","0.04","10-08-2026 09:22:25"
"database\db.py","0","06-08-2026 19:21:53"
"database\schema.sql","0","06-08-2026 18:30:48"
"docs\01_Problem_Scoping\Project_Charter.md","0","31-07-2026 20:04:55"
"docs\annotation_examples.md","0","31-07-2026 22:39:10"
"docs\annotation_guidelines.md","0","31-07-2026 22:38:35"
"generate_llm_evidence_screenshots.py","0","09-08-2026 22:55:23"
"models\best_model.pkl","0.01","06-08-2026 17:20:33"
"models\embeddings\esco_embeddings.npy","20.45","01-08-2026 11:30:55"
"models\embeddings\esco_metadata.pkl","1.57","01-08-2026 11:30:56"
"models\feature_columns.pkl","0","06-08-2026 17:20:33"
"models\feature_encoders.pkl","0","06-08-2026 17:20:33"
"models\label_encoder.pkl","0","06-08-2026 17:20:33"
"models\logistic_regression.pkl","0","06-08-2026 12:37:43"
"models\random_forest_optimized.pkl","3.13","05-08-2026 01:40:56"
"models\scaler.pkl","0","06-08-2026 17:20:33"
"models\selected_feature_columns.pkl","0","06-08-2026 17:20:33"
"models\technology_vocabulary.pkl","0","06-08-2026 17:20:10"
"models\variance_selector.pkl","0","06-08-2026 17:20:33"
"outputs\feature_importance.csv","0","05-08-2026 01:55:41"
"outputs\feature_importance.png","0.04","05-08-2026 01:55:41"
"project_folders.txt","1.96","14-08-2026 14:34:09"
"project_inventory.csv","8.3","14-08-2026 14:33:44"
"reports\audit\dataset_inventory.csv","0","31-07-2026 21:27:34"
"reports\classification_gb.txt","0","06-08-2026 17:20:33"
"reports\classification_logistic.txt","0","06-08-2026 17:20:33"
"reports\classification_report.txt","0","06-08-2026 17:20:33"
"reports\classification_rf.txt","0","06-08-2026 17:20:33"
"reports\classification_svm.txt","0","06-08-2026 17:20:33"
"reports\confusion_gb.csv","0","06-08-2026 17:20:33"
"reports\confusion_logistic.csv","0","06-08-2026 17:20:33"
"reports\confusion_matrix.csv","0","06-08-2026 17:20:33"
"reports\confusion_rf.csv","0","06-08-2026 17:20:33"
"reports\confusion_svm.csv","0","06-08-2026 17:20:33"
"reports\cross_validation_summary.csv","0","06-08-2026 17:20:33"
"reports\cv_results_logistic.csv","0","06-08-2026 17:20:33"
"reports\cv_results_svm.csv","0","06-08-2026 17:20:33"
"reports\eda\company_distribution.csv","0","31-07-2026 21:41:25"
"reports\eda\company_distribution.png","0.17","31-07-2026 21:41:26"
"reports\eda\eda_summary.csv","0","31-07-2026 21:27:21"
"reports\eda\industry_distribution.csv","0","31-07-2026 22:01:14"
"reports\eda\industry_distribution.png","0.22","31-07-2026 22:01:15"
"reports\eda\location_distribution.csv","0","31-07-2026 21:43:53"
"reports\eda\location_distribution.png","0.17","31-07-2026 21:43:54"
"reports\eda\role_distribution.csv","0","31-07-2026 21:34:08"
"reports\eda\role_distribution.png","0.19","31-07-2026 21:34:08"
"reports\eda\salary_distribution.png","0.07","31-07-2026 21:48:50"
"reports\eda\salary_summary.csv","0","31-07-2026 21:48:49"
"reports\eda\top_skills.csv","0","31-07-2026 22:23:58"
"reports\eda\top_skills.png","0.18","31-07-2026 22:23:59"
"reports\eda\work_type_distribution.csv","0","31-07-2026 21:45:55"
"reports\eda\work_type_distribution.png","0.1","31-07-2026 21:45:56"
"reports\EDA_Charts\Advanced\22_Skill_Frequency.png","0.21","07-08-2026 00:39:58"
"reports\EDA_Charts\Advanced\23_Skill_Cooccurrence.png","0.24","07-08-2026 00:40:00"
"reports\EDA_Charts\Advanced\24_Word_Cloud.png","3.14","07-08-2026 00:40:11"
"reports\EDA_Charts\Advanced\25_Correlation_Heatmap.png","0.35","07-08-2026 00:40:12"
"reports\EDA_Charts\Advanced\26_Skill_Network_Graph.png","0.61","07-08-2026 00:40:14"
"reports\EDA_Charts\Recruitment\01_Job_Title_Distribution.png","0.28","07-08-2026 00:39:43"
"reports\EDA_Charts\Recruitment\02_Top_Hiring_Companies.png","0.18","07-08-2026 00:39:44"
"reports\EDA_Charts\Recruitment\03_Job_Locations.png","0.2","07-08-2026 00:39:45"
"reports\EDA_Charts\Recruitment\04_Employment_Type.png","0.13","07-08-2026 00:39:45"
"reports\EDA_Charts\Recruitment\05_Experience_Level.png","0.13","07-08-2026 00:39:46"
"reports\EDA_Charts\Recruitment\06_Remote_vs_Onsite.png","0.1","07-08-2026 00:39:47"
"reports\EDA_Charts\Recruitment\07_Salary_Distribution.png","0.09","07-08-2026 00:39:47"
"reports\EDA_Charts\Recruitment\08_Applications_Distribution.png","0.08","07-08-2026 00:39:48"
"reports\EDA_Charts\Recruitment\09_Job_Views_Distribution.png","0.09","07-08-2026 00:39:48"
"reports\EDA_Charts\Skills\10_Top_Technical_Skills.png","0.27","07-08-2026 00:39:49"
"reports\EDA_Charts\Skills\11_Programming_Languages.png","0.12","07-08-2026 00:39:50"
"reports\EDA_Charts\Skills\12_BI_Tools.png","0.1","07-08-2026 00:39:50"
"reports\EDA_Charts\Skills\13_Cloud_Technologies.png","0.12","07-08-2026 00:39:51"
"reports\EDA_Charts\Skills\14_AI_ML_Skills.png","0.08","07-08-2026 00:39:52"
"reports\EDA_Charts\Skills\15_Soft_Skills.png","0.23","07-08-2026 00:39:53"
"reports\EDA_Charts\Skills\16_Certifications.png","0.38","07-08-2026 00:39:54"
"reports\EDA_Charts\Skills\17_Skill_Categories.png","0.2","07-08-2026 00:39:55"
"reports\EDA_Charts\Skills\18_Normalization_Methods.png","0.14","07-08-2026 00:39:55"
"reports\EDA_Charts\Skills\19_Confidence_Distribution.png","0.08","07-08-2026 00:39:56"
"reports\EDA_Charts\Skills\20_ESCO_Coverage.png","0.1","07-08-2026 00:39:57"
"reports\EDA_Charts\Skills\21_Average_Confidence_by_Method.png","0.16","07-08-2026 00:39:57"
"reports\feature_importance.csv","0","06-08-2026 17:20:34"
"reports\filtering\unknown_roles.csv","0.02","31-07-2026 21:27:47"
"reports\misclassification_examples.csv","0","08-08-2026 17:08:04"
"reports\model_comparison.csv","0","06-08-2026 17:20:33"
"reports\predict_proba_logistic.csv","0","06-08-2026 17:20:34"
"reports\predict_proba_rf.csv","0","06-08-2026 17:20:34"
"reports\preprocessing\cleaning_report.csv","0","31-07-2026 20:53:42"
"reports\preprocessing\data_quality_report.csv","0","31-07-2026 21:26:52"
"reports\profiling\column_profile.csv","0","31-07-2026 21:27:30"
"reports\profiling\job_title_frequency.csv","2.81","31-07-2026 21:27:27"
"reports\top20_feature_importance.csv","0","06-08-2026 17:20:34"
"requirements.txt","0","10-08-2026 12:21:20"
"scripts\delete_failed_cache.py","0","03-08-2026 21:19:31"
"scripts\generate_eda_charts.py","0","06-08-2026 21:38:51"
"scripts\rebuild_extraction_file.py","0","03-08-2026 22:33:49"
"scripts\rebuild_from_cache.py","0","03-08-2026 23:01:10"
"src\__init__.py","0","05-08-2026 19:17:41"
"src\__pycache__\__init__.cpython-313.pyc","0","05-08-2026 19:25:19"
"src\ai\cache\__pycache__\cache_manager.cpython-312.pyc","0","01-08-2026 13:15:51"
"src\ai\cache\__pycache__\cache_manager.cpython-313.pyc","0","01-08-2026 09:32:06"
"src\ai\cache\__pycache__\cache_utils.cpython-312.pyc","0","01-08-2026 13:15:51"
"src\ai\cache\__pycache__\cache_utils.cpython-313.pyc","0","01-08-2026 09:32:06"
"src\ai\cache\__pycache__\test_cache.cpython-313.pyc","0","01-08-2026 09:32:06"
"src\ai\cache\cache_manager.py","0","01-08-2026 09:31:37"
"src\ai\cache\cache_utils.py","0","01-08-2026 09:31:25"
"src\ai\cache\test_cache.py","0","01-08-2026 09:31:53"
"src\ai\clients\__pycache__\groq_client.cpython-312.pyc","0","31-07-2026 23:06:17"
"src\ai\clients\__pycache__\groq_client.cpython-313.pyc","0","01-08-2026 09:46:58"
"src\ai\clients\groq_client.py","0","31-07-2026 23:04:42"
"src\ai\extraction\__pycache__\batch_extractor.cpython-312.pyc","0","01-08-2026 14:36:04"
"src\ai\extraction\__pycache__\batch_extractor.cpython-313.pyc","0.01","03-08-2026 23:34:10"
"src\ai\extraction\__pycache__\csv_writer.cpython-313.pyc","0","04-08-2026 14:06:44"
"src\ai\extraction\__pycache__\dataset_loader.cpython-312.pyc","0","01-08-2026 13:23:34"
"src\ai\extraction\__pycache__\dataset_loader.cpython-313.pyc","0","05-08-2026 21:49:46"
"src\ai\extraction\__pycache__\extractor.cpython-312.pyc","0","01-08-2026 13:18:40"
"src\ai\extraction\__pycache__\extractor.cpython-313.pyc","0","02-08-2026 00:08:25"
"src\ai\extraction\__pycache__\progress_tracker.cpython-312.pyc","0","01-08-2026 13:25:29"
"src\ai\extraction\__pycache__\progress_tracker.cpython-313.pyc","0","02-08-2026 00:08:27"
"src\ai\extraction\__pycache__\test_extractor.cpython-313.pyc","0","01-08-2026 09:46:58"
"src\ai\extraction\batch_extractor.py","0.01","05-08-2026 22:04:03"
"src\ai\extraction\csv_writer.py","0","01-08-2026 09:59:29"
"src\ai\extraction\dataset_loader.py","0","05-08-2026 21:49:23"
"src\ai\extraction\extractor.py","0","01-08-2026 13:18:10"
"src\ai\extraction\progress_tracker.py","0","01-08-2026 09:59:45"
"src\ai\extraction\test_extractor.py","0","01-08-2026 09:46:22"
"src\ai\prompts\__pycache__\prompt_loader.cpython-312.pyc","0","31-07-2026 23:06:17"
"src\ai\prompts\__pycache__\prompt_loader.cpython-313.pyc","0","01-08-2026 09:47:00"
"src\ai\prompts\prompt_loader.py","0","31-07-2026 22:54:51"
"src\ai\prompts\skill_extraction_v1.txt","0.03","03-08-2026 20:35:55"
"src\ai\validation\__pycache__\schema.cpython-312.pyc","0","01-08-2026 13:15:51"
"src\ai\validation\__pycache__\schema.cpython-313.pyc","0","04-08-2026 11:47:25"
"src\ai\validation\__pycache__\validator.cpython-312.pyc","0","01-08-2026 13:15:51"
"src\ai\validation\__pycache__\validator.cpython-313.pyc","0","01-08-2026 09:25:03"
"src\ai\validation\schema.py","0","04-08-2026 11:47:14"
"src\ai\validation\validator.py","0","01-08-2026 09:24:41"
"src\analytics\__pycache__\duckdb_analytics.cpython-313.pyc","0.01","04-08-2026 21:52:37"
"src\analytics\__pycache__\skill_analytics.cpython-313.pyc","0.01","04-08-2026 21:55:28"
"src\analytics\business_skill_filter.py","0","04-08-2026 21:57:26"
"src\analytics\duckdb_analytics.py","0","04-08-2026 21:52:26"
"src\analytics\skill_analytics.py","0.01","04-08-2026 21:55:10"
"src\analytics\skill_intelligence.py","0","04-08-2026 23:39:08"
"src\annotation\__pycache__\annotation_assistant.cpython-313.pyc","0","04-08-2026 14:06:44"
"src\annotation\__pycache__\annotation_utils.cpython-313.pyc","0","04-08-2026 14:06:44"
"src\annotation\__pycache__\app.cpython-313.pyc","0","04-08-2026 14:06:44"
"src\annotation\__pycache__\create_gold_standard.cpython-313.pyc","0","04-08-2026 14:06:44"
"src\annotation\__pycache__\create_review_sheet.cpython-313.pyc","0","04-08-2026 14:06:44"
"src\annotation\__pycache__\data_loader.cpython-313.pyc","0","02-08-2026 17:16:55"
"src\annotation\__pycache__\populate_gold_standard.cpython-313.pyc","0","04-08-2026 14:06:44"
"src\annotation\__pycache__\save_utils.cpython-313.pyc","0","02-08-2026 17:36:27"
"src\annotation\annotation_assistant.py","0","31-07-2026 22:43:51"
"src\annotation\annotation_utils.py","0","02-08-2026 18:02:07"
"src\annotation\app.py","0","02-08-2026 17:51:31"
"src\annotation\create_gold_standard.py","0","31-07-2026 22:30:45"
"src\annotation\create_review_sheet.py","0","02-08-2026 16:18:32"
"src\annotation\data_loader.py","0","02-08-2026 17:16:35"
"src\annotation\populate_gold_standard.py","0","02-08-2026 17:44:07"
"src\annotation\save_utils.py","0","02-08-2026 17:35:46"
"src\career\__init__.py","0","05-08-2026 19:20:34"
"src\career\__pycache__\__init__.cpython-313.pyc","0","05-08-2026 19:25:47"
"src\career\__pycache__\skill_gap.cpython-313.pyc","0","05-08-2026 19:06:18"
"src\career\skill_gap.py","0","05-08-2026 19:06:02"
"src\config\__pycache__\settings.cpython-312.pyc","0","31-07-2026 23:06:17"
"src\config\__pycache__\settings.cpython-313.pyc","0","01-08-2026 09:47:00"
"src\config\settings.py","0","31-07-2026 22:53:19"
"src\database\__pycache__\sqlite_loader.cpython-313.pyc","0.01","04-08-2026 21:49:38"
"src\database\sqlite_loader.py","0","04-08-2026 21:49:34"
"src\evaluation\__pycache__\comparator.cpython-313.pyc","0","03-08-2026 18:02:57"
"src\evaluation\__pycache__\config.cpython-313.pyc","0","02-08-2026 15:59:36"
"src\evaluation\__pycache__\error_analysis.cpython-313.pyc","0","03-08-2026 19:12:56"
"src\evaluation\__pycache__\evaluate.cpython-313.pyc","0","03-08-2026 19:24:02"
"src\evaluation\__pycache__\evaluate_normalization.cpython-313.pyc","0","02-08-2026 15:42:30"
"src\evaluation\__pycache__\evaluator.cpython-313.pyc","0","03-08-2026 19:23:54"
"src\evaluation\__pycache__\extraction_evaluation.cpython-313.pyc","0","05-08-2026 02:08:53"
"src\evaluation\__pycache__\loader.cpython-313.pyc","0","03-08-2026 19:22:48"
"src\evaluation\__pycache__\metrics.cpython-313.pyc","0","03-08-2026 18:11:59"
"src\evaluation\__pycache__\normalization_evaluator.cpython-313.pyc","0","04-08-2026 21:05:40"
"src\evaluation\__pycache__\normalize_ground_truth.cpython-313.pyc","0","03-08-2026 16:19:06"
"src\evaluation\__pycache__\reports.cpython-313.pyc","0","03-08-2026 18:09:54"
"src\evaluation\__pycache__\standardize_categories.cpython-313.pyc","0","03-08-2026 20:47:12"
"src\evaluation\__pycache__\utils.cpython-313.pyc","0","02-08-2026 15:59:45"
"src\evaluation\comparator.py","0","03-08-2026 18:02:44"
"src\evaluation\config.py","0","02-08-2026 15:58:27"
"src\evaluation\error_analysis.py","0","03-08-2026 19:12:28"
"src\evaluation\evaluate.py","0","03-08-2026 19:23:43"
"src\evaluation\evaluate_normalization.py","0","02-08-2026 15:40:45"
"src\evaluation\evaluator.py","0","03-08-2026 19:23:25"
"src\evaluation\extraction_evaluation.py","0","05-08-2026 02:08:43"
"src\evaluation\loader.py","0","03-08-2026 19:22:36"
"src\evaluation\metrics.py","0","03-08-2026 15:11:19"
"src\evaluation\normalization_evaluator.py","0","04-08-2026 21:05:31"
"src\evaluation\normalize_ground_truth.py","0","03-08-2026 16:18:28"
"src\evaluation\reports.py","0","03-08-2026 18:09:40"
"src\evaluation\standardize_categories.py","0","03-08-2026 20:46:46"
"src\evaluation\utils.py","0","02-08-2026 15:59:16"
"src\features\__pycache__\feature_engineering.cpython-313.pyc","0","04-08-2026 22:21:56"
"src\features\__pycache__\feature_engineering_v2.cpython-313.pyc","0.01","06-08-2026 15:57:26"
"src\features\__pycache__\feature_utils.cpython-313.pyc","0","04-08-2026 22:15:35"
"src\features\__pycache__\job_features.cpython-313.pyc","0","04-08-2026 22:17:26"
"src\features\__pycache__\skill_features.cpython-313.pyc","0","04-08-2026 22:11:11"
"src\features\feature_engineering.py","0","04-08-2026 22:21:47"
"src\features\feature_engineering_v2.py","0.01","06-08-2026 15:55:19"
"src\features\feature_engineering_v2old.py","0.01","05-08-2026 20:54:37"
"src\features\feature_utils.py","0","04-08-2026 22:15:22"
"src\features\job_features.py","0","04-08-2026 22:17:15"
"src\features\skill_features.py","0","04-08-2026 22:10:56"
"src\ingestion\__pycache__\dataset_audit.cpython-313.pyc","0","04-08-2026 14:06:45"
"src\ingestion\__pycache__\dataset_profiler.cpython-313.pyc","0","04-08-2026 14:06:45"
"src\ingestion\dataset_audit.py","0","31-07-2026 20:15:40"
"src\ingestion\dataset_profiler.py","0","31-07-2026 20:22:37"
"src\ml\__pycache__\create_final_ml_dataset.cpython-313.pyc","0","04-08-2026 23:57:19"
"src\ml\__pycache__\feature_importance.cpython-313.pyc","0","05-08-2026 01:55:37"
"src\ml\__pycache__\model_optimization.cpython-313.pyc","0.01","05-08-2026 01:40:08"
"src\ml\__pycache__\predict_job_role.cpython-313.pyc","0.01","06-08-2026 17:21:52"
"src\ml\__pycache__\prepare_ml_dataset.cpython-313.pyc","0","04-08-2026 22:30:58"
"src\ml\__pycache__\title_standardizer.cpython-313.pyc","0","04-08-2026 22:54:57"
"src\ml\__pycache__\train_model_v3.cpython-313.pyc","0.03","06-08-2026 15:24:37"
"src\ml\__pycache__\train_models.cpython-313.pyc","0.01","04-08-2026 22:51:49"
"src\ml\__pycache__\train_models_v2.cpython-313.pyc","0.01","06-08-2026 12:47:28"
"src\ml\create_final_ml_dataset.py","0","04-08-2026 23:57:09"
"src\ml\feature_engineering.py","0","06-08-2026 15:05:08"
"src\ml\feature_importance.py","0","05-08-2026 01:55:26"
"src\ml\model_optimization.py","0.01","05-08-2026 01:39:43"
"src\ml\predict_job_role old.py","0.01","06-08-2026 14:32:53"
"src\ml\predict_job_role.py","0.01","06-08-2026 17:02:51"
"src\ml\prepare_ml_dataset.py","0","04-08-2026 22:30:47"
"src\ml\title_standardizer.py","0","04-08-2026 22:54:41"
"src\ml\train_model_v3.py","0.02","06-08-2026 15:24:22"
"src\ml\train_models_v2.py","0.01","06-08-2026 12:52:51"
"src\normalization\__pycache__\abbreviation_mapper.cpython-312.pyc","0","01-08-2026 10:54:33"
"src\normalization\__pycache__\abbreviation_mapper.cpython-313.pyc","0","04-08-2026 14:06:45"
"src\normalization\__pycache__\batch_extractor.cpython-313.pyc","0","04-08-2026 14:06:45"
"src\normalization\__pycache__\batch_normalizer.cpython-313.pyc","0","04-08-2026 14:06:45"
"src\normalization\__pycache__\batch_normalizer_v2.cpython-313.pyc","0.01","03-08-2026 15:53:38"
"src\normalization\__pycache__\business_dictionary.cpython-313.pyc","0","06-08-2026 17:32:49"
"src\normalization\__pycache__\cleaner.cpython-312.pyc","0","01-08-2026 10:54:33"
"src\normalization\__pycache__\cleaner.cpython-313.pyc","0","04-08-2026 14:19:59"
"src\normalization\__pycache__\confidence.cpython-313.pyc","0","04-08-2026 14:06:45"
"src\normalization\__pycache__\confidence_engine.cpython-312.pyc","0","01-08-2026 11:39:31"
"src\normalization\__pycache__\confidence_engine.cpython-313.pyc","0","05-08-2026 15:40:01"
"src\normalization\__pycache__\config.cpython-313.pyc","0","04-08-2026 14:06:45"
"src\normalization\__pycache__\embedding_builder.cpython-312.pyc","0","01-08-2026 11:29:33"
"src\normalization\__pycache__\embedding_builder.cpython-313.pyc","0","04-08-2026 14:06:45"
"src\normalization\__pycache__\exact_matcher.cpython-312.pyc","0","01-08-2026 10:54:32"
"src\normalization\__pycache__\exact_matcher.cpython-313.pyc","0","04-08-2026 18:25:41"
"src\normalization\__pycache__\exporters.cpython-313.pyc","0","02-08-2026 14:10:23"
"src\normalization\__pycache__\fuzzy_matcher.cpython-312.pyc","0","01-08-2026 11:09:34"
"src\normalization\__pycache__\fuzzy_matcher.cpython-313.pyc","0.01","04-08-2026 18:33:13"
"src\normalization\__pycache__\job_role_dictionary.cpython-313.pyc","0","07-08-2026 19:03:40"
"src\normalization\__pycache__\metrics.cpython-313.pyc","0","04-08-2026 14:06:45"
"src\normalization\__pycache__\normalizer.cpython-313.pyc","0.01","04-08-2026 14:06:45"
"src\normalization\__pycache__\pipeline.cpython-312.pyc","0","01-08-2026 11:41:33"
"src\normalization\__pycache__\pipeline.cpython-313.pyc","0.01","07-08-2026 19:12:14"
"src\normalization\__pycache__\preprocessor.cpython-312.pyc","0","01-08-2026 11:38:18"
"src\normalization\__pycache__\preprocessor.cpython-313.pyc","0","04-08-2026 14:06:45"
"src\normalization\__pycache__\quality_report.cpython-313.pyc","0","02-08-2026 14:12:52"
"src\normalization\__pycache__\semantic_matcher.cpython-312.pyc","0","01-08-2026 11:32:53"
"src\normalization\__pycache__\semantic_matcher.cpython-313.pyc","0.01","04-08-2026 18:41:51"
"src\normalization\__pycache__\statistics.cpython-313.pyc","0","02-08-2026 14:11:41"
"src\normalization\__pycache__\synonym_mapper.cpython-312.pyc","0","01-08-2026 10:54:33"
"src\normalization\__pycache__\synonym_mapper.cpython-313.pyc","0","04-08-2026 14:06:45"
"src\normalization\__pycache__\taxonomy_loader.cpython-312.pyc","0","01-08-2026 10:54:32"
"src\normalization\__pycache__\taxonomy_loader.cpython-313.pyc","0","04-08-2026 14:06:45"
"src\normalization\__pycache__\technology_mapper.cpython-312.pyc","0","01-08-2026 11:36:06"
"src\normalization\__pycache__\technology_mapper.cpython-313.pyc","0","04-08-2026 19:31:49"
"src\normalization\__pycache__\test_normalizer.cpython-313.pyc","0","04-08-2026 14:06:45"
"src\normalization\__pycache__\typo_mapper.cpython-313.pyc","0","04-08-2026 18:05:07"
"src\normalization\abbreviation_mapper.py","0","04-08-2026 12:36:42"
"src\normalization\batch_extractor.py","0","01-08-2026 11:47:34"
"src\normalization\batch_normalizer.py","0","01-08-2026 11:44:39"
"src\normalization\batch_normalizer_v2.py","0.01","03-08-2026 15:52:59"
"src\normalization\business_dictionary old.py","0","05-08-2026 18:04:51"
"src\normalization\business_dictionary.py","0","06-08-2026 17:12:40"
"src\normalization\cleaner.py","0","04-08-2026 14:19:44"
"src\normalization\confidence.py","0","01-08-2026 10:05:37"
"src\normalization\confidence_engine.py","0","05-08-2026 15:35:18"
"src\normalization\config.py","0","04-08-2026 12:15:39"
"src\normalization\embedding_builder.py","0","01-08-2026 11:29:09"
"src\normalization\exact_matcher.py","0","04-08-2026 18:25:30"
"src\normalization\exporters.py","0","02-08-2026 14:10:22"
"src\normalization\fuzzy_matcher.py","0.01","04-08-2026 18:33:01"
"src\normalization\job_role_dictionary.py","0","07-08-2026 18:40:53"
"src\normalization\metrics.py","0","01-08-2026 11:23:09"
"src\normalization\normalizer.py","0.01","04-08-2026 13:02:37"
"src\normalization\pipeline old.py","0.01","05-08-2026 15:30:03"
"src\normalization\pipeline.py","0.01","07-08-2026 19:11:58"
"src\normalization\preprocessor.py","0","01-08-2026 11:38:06"
"src\normalization\quality_report.py","0","02-08-2026 14:12:43"
"src\normalization\semantic_matcher.py","0.01","04-08-2026 18:41:33"
"src\normalization\statistics.py","0","02-08-2026 14:11:29"
"src\normalization\synonym_mapper.py","0","04-08-2026 12:40:42"
"src\normalization\taxonomy_loader.py","0","04-08-2026 12:31:46"
"src\normalization\technology_mapper.py","0","04-08-2026 19:31:35"
"src\normalization\test_normalizer.py","0","01-08-2026 10:06:03"
"src\normalization\typo_mapper.py","0","04-08-2026 18:03:52"
"src\preprocessing\__pycache__\data_quality_report.cpython-313.pyc","0","04-08-2026 14:06:45"
"src\preprocessing\__pycache__\dataset_cleaner.cpython-313.pyc","0","04-08-2026 14:06:45"
"src\preprocessing\__pycache__\discover_roles.cpython-313.pyc","0","04-08-2026 14:06:45"
"src\preprocessing\__pycache__\job_title_explorer.cpython-313.pyc","0","04-08-2026 14:06:45"
"src\preprocessing\__pycache__\role_filter.cpython-313.pyc","0","04-08-2026 14:06:45"
"src\preprocessing\__pycache__\taxonomy_loader.cpython-313.pyc","0","04-08-2026 14:06:45"
"src\preprocessing\__pycache__\?? role_matcher.cpython-313.pyc","0","04-08-2026 14:06:45"
"src\preprocessing\__pycache__\?? validation.cpython-313.pyc","0","04-08-2026 14:06:45"
"src\preprocessing\data_quality_report.py","0","31-07-2026 20:56:11"
"src\preprocessing\dataset_cleaner.py","0","31-07-2026 20:53:29"
"src\preprocessing\discover_roles.py","0","31-07-2026 21:11:10"
"src\preprocessing\job_title_explorer.py","0","31-07-2026 20:37:17"
"src\preprocessing\role_filter.py","0","31-07-2026 20:41:42"
"src\preprocessing\role_matcher.py","0","31-07-2026 20:50:16"
"src\preprocessing\taxonomy_loader.py","0","31-07-2026 21:07:22"
"src\preprocessing\validation.py","0","31-07-2026 20:50:28"
"src\visualization\__pycache__\company_distribution.cpython-313.pyc","0","04-08-2026 14:06:45"
"src\visualization\__pycache__\eda_summary.cpython-313.pyc","0","04-08-2026 14:06:45"
"src\visualization\__pycache__\industry_distribution.cpython-313.pyc","0","04-08-2026 14:06:45"
"src\visualization\__pycache__\location_distribution.cpython-313.pyc","0","04-08-2026 14:06:45"
"src\visualization\__pycache__\role_distribution.cpython-313.pyc","0","04-08-2026 14:06:45"
"src\visualization\__pycache__\salary_distribution.cpython-313.pyc","0","04-08-2026 14:06:45"
"src\visualization\__pycache__\top_skills.cpython-313.pyc","0","04-08-2026 14:06:45"
"src\visualization\__pycache__\work_type_distribution.cpython-313.pyc","0","04-08-2026 14:06:45"
"src\visualization\company_distribution.py","0","31-07-2026 21:41:12"
"src\visualization\eda_summary.py","0","31-07-2026 20:59:47"
"src\visualization\industry_distribution.py","0","31-07-2026 22:00:45"
"src\visualization\location_distribution.py","0","31-07-2026 21:43:43"
"src\visualization\role_distribution.py","0","31-07-2026 21:09:20"
"src\visualization\salary_distribution.py","0","31-07-2026 21:48:41"
"src\visualization\top_skills.py","0","31-07-2026 22:23:43"
"src\visualization\work_type_distribution.py","0","31-07-2026 21:45:45"
"storage\ai_job_posting_analyzer.duckdb","594.26","08-08-2026 18:03:17"
"taxonomy\business_analytics_dictionary.csv","0","05-08-2026 15:37:56"
"taxonomy\custom\abbreviations.csv","0","01-08-2026 10:33:26"
"taxonomy\custom\excluded_skills.csv","0","04-08-2026 22:01:04"
"taxonomy\custom\job_title_mapping.csv","0","04-08-2026 22:25:21"
"taxonomy\custom\synonyms.csv","0","01-08-2026 10:35:53"
"taxonomy\custom\technology_dictionary.csv","0.01","04-08-2026 21:27:44"
"taxonomy\esco\occupation_skill_relations.csv","26.69","01-08-2026 10:20:36"
"taxonomy\esco\occupations.csv","2.91","01-08-2026 10:20:36"
"taxonomy\esco\skill_groups.csv","0.33","01-08-2026 10:20:36"
"taxonomy\esco\skills.csv","8.87","01-08-2026 10:20:36"
"taxonomy\esco\skills_hierarchy.csv","0.36","01-08-2026 10:20:37"
"taxonomy\job_role_dictionary.csv","0","07-08-2026 18:37:58"
"taxonomy\learning_paths.json","0","05-08-2026 18:57:03"
"taxonomy\role_skill_matrix.json","0","05-08-2026 18:50:47"
"taxonomy\role_taxonomy.csv","0","31-07-2026 21:33:53"
