Industry,Job Postings
IT Services and IT Consulting,600
Financial Services,334
Software Development,286
Hospitals and Health Care,138
Staffing and Recruiting,116
Insurance,98
Banking,92
Information Services,92
"Technology, Information and Media",80
"Technology, Information and Internet",59
Pharmaceutical Manufacturing,56
Computer and Network Security,55
Business Consulting and Services,50
Engineering Services,49
Information Technology & Services,48
Biotechnology Research,47
Advertising Services,42
Telecommunications,42
Entertainment Providers,38
Investment Banking,33
